
> decidiq@0.1.0 build
> NODE_ENV=production webpack --config webpack.config.js --progress

Building decidiq 0.1.0 

<s> [webpack.Progress] 0% 

<s> [webpack.Progress] 1% setup before run
<s> [webpack.Progress] 1% setup before run NodeEnvironmentPlugin
<s> [webpack.Progress] 1% setup before run
<s> [webpack.Progress] 2% setup run
<s> [webpack.Progress] 2% setup run webpack-cli
<s> [webpack.Progress] 2% setup run
<s> [webpack.Progress] 4% setup normal module factory
<s> [webpack.Progress] 4% setup normal module factory
<s> [webpack.Progress] 5% setup context module factory
<s> [webpack.Progress] 5% setup context module factory
<s> [webpack.Progress] 6% setup before compile
<s> [webpack.Progress] 6% setup before compile
<s> [webpack.Progress] 7% setup compile
<s> [webpack.Progress] 7% setup compile ExternalsPlugin
<s> [webpack.Progress] 7% setup compile
<s> [webpack.Progress] 8% setup compilation
<s> [webpack.Progress] 8% setup compilation ArrayPushCallbackChunkFormatPlugin
<s> [webpack.Progress] 8% setup compilation JsonpChunkLoadingPlugin
<s> [webpack.Progress] 8% setup compilation StartupChunkDependenciesPlugin
<s> [webpack.Progress] 8% setup compilation ImportScriptsChunkLoadingPlugin
<s> [webpack.Progress] 8% setup compilation WorkerAndWorkletPlugin
<s> [webpack.Progress] 8% setup compilation SplitChunksPlugin
<s> [webpack.Progress] 8% setup compilation ResolverCachePlugin
<s> [webpack.Progress] 8% setup compilation
<s> [webpack.Progress] 9% setup compilation
<s> [webpack.Progress] 9% setup compilation ProgressPlugin
<s> [webpack.Progress] 9% setup compilation vue-loader-plugin
<s> [webpack.Progress] 9% setup compilation DefinePlugin
<s> [webpack.Progress] 9% setup compilation DefinePlugin
<s> [webpack.Progress] 9% setup compilation ExternalsPlugin
<s> [webpack.Progress] 9% setup compilation ChunkPrefetchPreloadPlugin
<s> [webpack.Progress] 9% setup compilation ResourceHintPlugin
<s> [webpack.Progress] 9% setup compilation SourceMapDevToolPlugin
<s> [webpack.Progress] 9% setup compilation JavascriptModulesPlugin
<s> [webpack.Progress] 9% setup compilation JsonModulesPlugin
<s> [webpack.Progress] 9% setup compilation AssetModulesPlugin
<s> [webpack.Progress] 9% setup compilation EntryPlugin
<s> [webpack.Progress] 9% setup compilation EntryPlugin
<s> [webpack.Progress] 9% setup compilation EntryPlugin
<s> [webpack.Progress] 9% setup compilation EntryPlugin
<s> [webpack.Progress] 9% setup compilation RuntimePlugin
<s> [webpack.Progress] 9% setup compilation InferAsyncModulesPlugin
<s> [webpack.Progress] 9% setup compilation DataUriPlugin
<s> [webpack.Progress] 9% setup compilation FileUriPlugin
<s> [webpack.Progress] 9% setup compilation CompatibilityPlugin
<s> [webpack.Progress] 9% setup compilation HarmonyModulesPlugin
<s> [webpack.Progress] 9% setup compilation AMDPlugin
<s> [webpack.Progress] 9% setup compilation RequireJsStuffPlugin
<s> [webpack.Progress] 9% setup compilation CommonJsPlugin
<s> [webpack.Progress] 9% setup compilation LoaderPlugin
<s> [webpack.Progress] 9% setup compilation LoaderPlugin
<s> [webpack.Progress] 9% setup compilation NodeStuffPlugin
<s> [webpack.Progress] 9% setup compilation APIPlugin
<s> [webpack.Progress] 9% setup compilation ExportsInfoApiPlugin
<s> [webpack.Progress] 9% setup compilation WebpackIsIncludedPlugin
<s> [webpack.Progress] 9% setup compilation ConstPlugin
<s> [webpack.Progress] 9% setup compilation UseStrictPlugin
<s> [webpack.Progress] 9% setup compilation RequireIncludePlugin
<s> [webpack.Progress] 9% setup compilation RequireEnsurePlugin
<s> [webpack.Progress] 9% setup compilation RequireContextPlugin
<s> [webpack.Progress] 9% setup compilation ImportPlugin
<s> [webpack.Progress] 9% setup compilation ImportMetaContextPlugin
<s> [webpack.Progress] 9% setup compilation SystemPlugin
<s> [webpack.Progress] 9% setup compilation ImportMetaPlugin
<s> [webpack.Progress] 9% setup compilation URLPlugin
<s> [webpack.Progress] 9% setup compilation DefaultStatsFactoryPlugin
<s> [webpack.Progress] 9% setup compilation DefaultStatsPresetPlugin
<s> [webpack.Progress] 9% setup compilation DefaultStatsPrinterPlugin
<s> [webpack.Progress] 9% setup compilation JavascriptMetaInfoPlugin
<s> [webpack.Progress] 9% setup compilation EnsureChunkConditionsPlugin
<s> [webpack.Progress] 9% setup compilation RemoveEmptyChunksPlugin
<s> [webpack.Progress] 9% setup compilation MergeDuplicateChunksPlugin
<s> [webpack.Progress] 9% setup compilation FlagIncludedChunksPlugin
<s> [webpack.Progress] 9% setup compilation FlagDependencyExportsPlugin
<s> [webpack.Progress] 9% setup compilation FlagDependencyUsagePlugin
<s> [webpack.Progress] 9% setup compilation InnerGraphPlugin
<s> [webpack.Progress] 9% setup compilation CircularModulesPlugin
<s> [webpack.Progress] 9% setup compilation ConstExportsPlugin
<s> [webpack.Progress] 9% setup compilation MangleExportsPlugin
<s> [webpack.Progress] 9% setup compilation ModuleConcatenationPlugin
<s> [webpack.Progress] 9% setup compilation NoEmitOnErrorsPlugin
<s> [webpack.Progress] 9% setup compilation RealContentHashPlugin
<s> [webpack.Progress] 9% setup compilation WasmFinalizeExportsPlugin
<s> [webpack.Progress] 9% setup compilation DeterministicModuleIdsPlugin
<s> [webpack.Progress] 9% setup compilation NamedChunkIdsPlugin
<s> [webpack.Progress] 9% setup compilation DefinePlugin
<s> [webpack.Progress] 9% setup compilation TerserPlugin
<s> [webpack.Progress] 9% setup compilation TemplatedPathPlugin
<s> [webpack.Progress] 9% setup compilation RecordIdsPlugin
<s> [webpack.Progress] 9% setup compilation WarnCaseSensitiveModulesPlugin
<s> [webpack.Progress] 9% setup compilation
<s> [webpack.Progress] 10% building
<s> [webpack.Progress] 10% building 0/1 entries 0/0 dependencies 0/0 modules
<s> [webpack.Progress] 10% building import loader ./node_modules/vue-loader/dist/index.js
<s> [webpack.Progress] 10% building 0/4 entries 152/231 dependencies 2/141 modules
<s> [webpack.Progress] 10% building import loader ./node_modules/style-loader/dist/cjs.js
<s> [webpack.Progress] 10% building import loader ./node_modules/css-loader/dist/cjs.js
<s> [webpack.Progress] 10% building 0/4 entries 152/231 dependencies 2/141 modules
<s> [webpack.Progress] 10% building 0/4 entries 900/961 dependencies 3/786 modules
<s> [webpack.Progress] 10% building import loader ./node_modules/vue-loader/dist/pitcher.js
<s> [webpack.Progress] 10% building 0/4 entries 957/981 dependencies 21/819 modules
<s> [webpack.Progress] 10% building import loader ./node_modules/vue-loader/dist/templateLoader.js
<s> [webpack.Progress] 10% building 0/4 entries 957/981 dependencies 21/819 modules
<s> [webpack.Progress] 10% building 0/4 entries 1833/2100 dependencies 61/1552 modules
<s> [webpack.Progress] 10% building 0/4 entries 2500/2793 dependencies 87/1993 modules
<s> [webpack.Progress] 13% building 0/4 entries 3628/3700 dependencies 345/2295 modules
<s> [webpack.Progress] 17% building import loader ./node_modules/vue-loader/dist/stylePostLoader.js
<s> [webpack.Progress] 17% building 0/4 entries 4510/4546 dependencies 657/2441 modules
<s> [webpack.Progress] 22% building 0/4 entries 5495/5600 dependencies 1121/2807 modules
<s> [webpack.Progress] 24% building 0/4 entries 6520/6600 dependencies 1293/2958 modules
<s> [webpack.Progress] 25% building 0/4 entries 7124/7200 dependencies 1371/3335 modules
<s> [webpack.Progress] 26% building 0/4 entries 8106/8169 dependencies 1512/3600 modules
<s> [webpack.Progress] 28% building 0/4 entries 9132/9200 dependencies 1680/4148 modules
<s> [webpack.Progress] 32% building 0/4 entries 9763/9800 dependencies 2088/4527 modules
<s> [webpack.Progress] 36% building 0/4 entries 10390/10400 dependencies 2393/4736 modules
<s> [webpack.Progress] 45% building 0/4 entries 11100/11276 dependencies 3269/4927 modules
<s> [webpack.Progress] 47% building 1/4 entries 11280/11311 dependencies 3458/5070 modules
<s> [webpack.Progress] 56% building 1/4 entries 11891/11900 dependencies 4393/5193 modules
<s> [webpack.Progress] 57% building 2/4 entries 12302/12314 dependencies 4545/5220 modules
<s> [webpack.Progress] 60% building 2/4 entries 13199/13236 dependencies 5200/5619 modules
<s> [webpack.Progress] 64% building 3/4 entries 13334/13351 dependencies 5608/5677 modules
<s> [webpack.Progress] 65% building 4/4 entries 13443/13443 dependencies 5718/5718 modules
<s> [webpack.Progress] 65% building
<s> [webpack.Progress] 69% building finish
<s> [webpack.Progress] 69% building finish
<s> [webpack.Progress] 70% sealing finish module graph
<s> [webpack.Progress] 70% sealing finish module graph ResolverCachePlugin
<s> [webpack.Progress] 70% sealing finish module graph InferAsyncModulesPlugin
<s> [webpack.Progress] 70% sealing finish module graph FlagDependencyExportsPlugin
<s> [webpack.Progress] 70% sealing finish module graph InnerGraphPlugin
<s> [webpack.Progress] 70% sealing finish module graph WasmFinalizeExportsPlugin
<s> [webpack.Progress] 70% sealing finish module graph
<s> [webpack.Progress] 70% sealing plugins
<s> [webpack.Progress] 70% sealing plugins WarnCaseSensitiveModulesPlugin
<s> [webpack.Progress] 70% sealing plugins
<s> [webpack.Progress] 71% sealing dependencies optimization
<s> [webpack.Progress] 71% sealing dependencies optimization FlagDependencyUsagePlugin
<s> [webpack.Progress] 71% sealing dependencies optimization ConstExportsPlugin
<s> [webpack.Progress] 71% sealing dependencies optimization
<s> [webpack.Progress] 71% sealing after dependencies optimization
<s> [webpack.Progress] 71% sealing after dependencies optimization
<s> [webpack.Progress] 72% sealing chunk graph
<s> [webpack.Progress] 72% sealing chunk graph
<s> [webpack.Progress] 73% sealing after chunk graph
<s> [webpack.Progress] 73% sealing after chunk graph
<s> [webpack.Progress] 73% sealing optimizing
<s> [webpack.Progress] 73% sealing optimizing
<s> [webpack.Progress] 74% sealing module optimization
<s> [webpack.Progress] 74% sealing module optimization CircularModulesPlugin
<s> [webpack.Progress] 74% sealing module optimization
<s> [webpack.Progress] 75% sealing after module optimization
<s> [webpack.Progress] 75% sealing after module optimization
<s> [webpack.Progress] 75% sealing chunk optimization
<s> [webpack.Progress] 75% sealing chunk optimization EnsureChunkConditionsPlugin
<s> [webpack.Progress] 75% sealing chunk optimization RemoveEmptyChunksPlugin
<s> [webpack.Progress] 75% sealing chunk optimization MergeDuplicateChunksPlugin
<s> [webpack.Progress] 75% sealing chunk optimization SplitChunksPlugin
<s> [webpack.Progress] 75% sealing chunk optimization RemoveEmptyChunksPlugin
<s> [webpack.Progress] 75% sealing chunk optimization
<s> [webpack.Progress] 76% sealing after chunk optimization
<s> [webpack.Progress] 76% sealing after chunk optimization
<s> [webpack.Progress] 77% sealing module and chunk tree optimization
<s> [webpack.Progress] 77% sealing module and chunk tree optimization
<s> [webpack.Progress] 77% sealing after module and chunk tree optimization
<s> [webpack.Progress] 77% sealing after module and chunk tree optimization
<s> [webpack.Progress] 78% sealing chunk modules optimization
<s> [webpack.Progress] 78% sealing chunk modules optimization ModuleConcatenationPlugin
<s> [webpack.Progress] 78% sealing chunk modules optimization
<s> [webpack.Progress] 78% sealing after chunk modules optimization
<s> [webpack.Progress] 78% sealing after chunk modules optimization
<s> [webpack.Progress] 79% sealing module reviving
<s> [webpack.Progress] 79% sealing module reviving RecordIdsPlugin
<s> [webpack.Progress] 79% sealing module reviving
<s> [webpack.Progress] 80% sealing before module ids
<s> [webpack.Progress] 80% sealing before module ids
<s> [webpack.Progress] 80% sealing module ids
<s> [webpack.Progress] 80% sealing module ids DeterministicModuleIdsPlugin
<s> [webpack.Progress] 80% sealing module ids
<s> [webpack.Progress] 81% sealing module id optimization
<s> [webpack.Progress] 81% sealing module id optimization
<s> [webpack.Progress] 82% sealing module id optimization
<s> [webpack.Progress] 82% sealing module id optimization
<s> [webpack.Progress] 82% sealing chunk reviving
<s> [webpack.Progress] 82% sealing chunk reviving RecordIdsPlugin
<s> [webpack.Progress] 82% sealing chunk reviving
<s> [webpack.Progress] 83% sealing before chunk ids
<s> [webpack.Progress] 83% sealing before chunk ids
<s> [webpack.Progress] 84% sealing chunk ids
<s> [webpack.Progress] 84% sealing chunk ids NamedChunkIdsPlugin
<s> [webpack.Progress] 84% sealing chunk ids
<s> [webpack.Progress] 84% sealing chunk id optimization
<s> [webpack.Progress] 84% sealing chunk id optimization FlagIncludedChunksPlugin
<s> [webpack.Progress] 84% sealing chunk id optimization
<s> [webpack.Progress] 85% sealing after chunk id optimization
<s> [webpack.Progress] 85% sealing after chunk id optimization
<s> [webpack.Progress] 86% sealing record modules
<s> [webpack.Progress] 86% sealing record modules RecordIdsPlugin
<s> [webpack.Progress] 86% sealing record modules
<s> [webpack.Progress] 86% sealing record chunks
<s> [webpack.Progress] 86% sealing record chunks RecordIdsPlugin
<s> [webpack.Progress] 86% sealing record chunks
<s> [webpack.Progress] 87% sealing module hashing
<s> [webpack.Progress] 87% sealing module hashing
<s> [webpack.Progress] 87% sealing code generation
<s> [webpack.Progress] 87% sealing code generation
<s> [webpack.Progress] 88% sealing runtime requirements
<s> [webpack.Progress] 88% sealing runtime requirements
<s> [webpack.Progress] 89% sealing hashing
<s> [webpack.Progress] 89% sealing hashing
<s> [webpack.Progress] 89% sealing after hashing
<s> [webpack.Progress] 89% sealing after hashing
<s> [webpack.Progress] 90% sealing record hash
<s> [webpack.Progress] 90% sealing record hash
<s> [webpack.Progress] 91% sealing module assets processing
<s> [webpack.Progress] 91% sealing module assets processing
<s> [webpack.Progress] 91% sealing chunk assets processing
<s> [webpack.Progress] 91% sealing chunk assets processing
<s> [webpack.Progress] 92% sealing asset processing
<s> [webpack.Progress] 92% sealing asset processing TerserPlugin
<s> [webpack.Progress] 92% sealing asset processing SourceMapDevToolPlugin
<s> [webpack.Progress] 92% sealing asset processing SourceMapDevToolPlugin
<s> [webpack.Progress] 92% sealing asset processing SourceMapDevToolPlugin decidiq-main.js generate SourceMap
<s> [webpack.Progress] 92% sealing asset processing SourceMapDevToolPlugin decidiq-main.js generated SourceMap
<s> [webpack.Progress] 92% sealing asset processing SourceMapDevToolPlugin decidiq-settings.js generate SourceMap
<s> [webpack.Progress] 92% sealing asset processing SourceMapDevToolPlugin decidiq-settings.js generated SourceMap
<s> [webpack.Progress] 92% sealing asset processing SourceMapDevToolPlugin decidiq-personal.js generate SourceMap
<s> [webpack.Progress] 92% sealing asset processing SourceMapDevToolPlugin decidiq-personal.js generated SourceMap
<s> [webpack.Progress] 92% sealing asset processing SourceMapDevToolPlugin decidiq-integration-init.js generate SourceMap
<s> [webpack.Progress] 92% sealing asset processing SourceMapDevToolPlugin decidiq-integration-init.js generated SourceMap
<s> [webpack.Progress] 92% sealing asset processing SourceMapDevToolPlugin decidiq-node_modules_nextcloud_vue_dist_components_NcColorPicker_index_mjs.js?v=08a07ba8506d14e3d7c4 generate SourceMap
<s> [webpack.Progress] 92% sealing asset processing SourceMapDevToolPlugin decidiq-node_modules_nextcloud_vue_dist_components_NcColorPicker_index_mjs.js?v=08a07ba8506d14e3d7c4 generated SourceMap
<s> [webpack.Progress] 92% sealing asset processing SourceMapDevToolPlugin decidiq-node_modules_nextcloud_vue_dist_components_NcDateTimePicker_index_mjs.js?v=3e27b49a5bd8d372b8d7 generate SourceMap
<s> [webpack.Progress] 92% sealing asset processing SourceMapDevToolPlugin decidiq-node_modules_nextcloud_vue_dist_components_NcDateTimePicker_index_mjs.js?v=3e27b49a5bd8d372b8d7 generated SourceMap
<s> [webpack.Progress] 92% sealing asset processing SourceMapDevToolPlugin decidiq-node_modules_nextcloud_vue_dist_components_NcSelect_index_mjs.js?v=da8d06a02c012c250bf8 generate SourceMap
<s> [webpack.Progress] 92% sealing asset processing SourceMapDevToolPlugin decidiq-node_modules_nextcloud_vue_dist_components_NcSelect_index_mjs.js?v=da8d06a02c012c250bf8 generated SourceMap
<s> [webpack.Progress] 92% sealing asset processing SourceMapDevToolPlugin decidiq-node_modules_date-fns_locale_af_js.js?v=b55bb185f3dc9ef7c9db generate SourceMap
<s> [webpack.Progress] 92% sealing asset processing SourceMapDevToolPlugin decidiq-node_modules_date-fns_locale_af_js.js?v=b55bb185f3dc9ef7c9db generated SourceMap
<s> [webpack.Progress] 92% sealing asset processing SourceMapDevToolPlugin decidiq-node_modules_date-fns_locale_ar-DZ_js.js?v=c80f11e6da067175e0c6 generate SourceMap
<s> [webpack.Progress] 92% sealing asset processing SourceMapDevToolPlugin decidiq-node_modules_date-fns_locale_ar-DZ_js.js?v=c80f11e6da067175e0c6 generated SourceMap
<s> [webpack.Progress] 92% sealing asset processing SourceMapDevToolPlugin decidiq-node_modules_date-fns_locale_ar-EG_js.js?v=cb2331b08b68329f8741 generate SourceMap
<s> [webpack.Progress] 92% sealing asset processing SourceMapDevToolPlugin decidiq-node_modules_date-fns_locale_ar-EG_js.js?v=cb2331b08b68329f8741 generated SourceMap
<s> [webpack.Progress] 92% sealing asset processing SourceMapDevToolPlugin decidiq-node_modules_date-fns_locale_ar-MA_js.js?v=686bd73bbfeae2e91313 generate SourceMap
<s> [webpack.Progress] 92% sealing asset processing SourceMapDevToolPlugin decidiq-node_modules_date-fns_locale_ar-MA_js.js?v=686bd73bbfeae2e91313 generated SourceMap
<s> [webpack.Progress] 92% sealing asset processing SourceMapDevToolPlugin decidiq-node_modules_date-fns_locale_ar-SA_js.js?v=0ae4eda45bfb54cc5675 generate SourceMap
<s> [webpack.Progress] 92% sealing asset processing SourceMapDevToolPlugin decidiq-node_modules_date-fns_locale_ar-SA_js.js?v=0ae4eda45bfb54cc5675 generated SourceMap
<s> [webpack.Progress] 92% sealing asset processing SourceMapDevToolPlugin decidiq-node_modules_date-fns_locale_ar-TN_js.js?v=4e64a2d3fffaf9baa357 generate SourceMap
<s> [webpack.Progress] 92% sealing asset processing SourceMapDevToolPlugin decidiq-node_modules_date-fns_locale_ar-TN_js.js?v=4e64a2d3fffaf9baa357 generated SourceMap
<s> [webpack.Progress] 92% sealing asset processing SourceMapDevToolPlugin decidiq-node_modules_date-fns_locale_ar_js.js?v=26b644611d3aa3b0666d generate SourceMap
<s> [webpack.Progress] 92% sealing asset processing SourceMapDevToolPlugin decidiq-node_modules_date-fns_locale_ar_js.js?v=26b644611d3aa3b0666d generated SourceMap
<s> [webpack.Progress] 92% sealing asset processing SourceMapDevToolPlugin decidiq-node_modules_date-fns_locale_az_js.js?v=cd7fc9e207c14910723d generate SourceMap
<s> [webpack.Progress] 92% sealing asset processing SourceMapDevToolPlugin decidiq-node_modules_date-fns_locale_az_js.js?v=cd7fc9e207c14910723d generated SourceMap
<s> [webpack.Progress] 92% sealing asset processing SourceMapDevToolPlugin decidiq-vendors-node_modules_date-fns_locale_be-tarask_js.js?v=10b779a8b5f9629db3de generate SourceMap
<s> [webpack.Progress] 92% sealing asset processing SourceMapDevToolPlugin decidiq-vendors-node_modules_date-fns_locale_be-tarask_js.js?v=10b779a8b5f9629db3de generated SourceMap
<s> [webpack.Progress] 92% sealing asset processing SourceMapDevToolPlugin decidiq-vendors-node_modules_date-fns_locale_be_js.js?v=06e245c74037ce190a36 generate SourceMap
<s> [webpack.Progress] 92% sealing asset processing SourceMapDevToolPlugin decidiq-vendors-node_modules_date-fns_locale_be_js.js?v=06e245c74037ce190a36 generated SourceMap
<s> [webpack.Progress] 92% sealing asset processing SourceMapDevToolPlugin decidiq-node_modules_date-fns_locale_bg_js.js?v=a187d0690f9e9d9b3451 generate SourceMap
<s> [webpack.Progress] 92% sealing asset processing SourceMapDevToolPlugin decidiq-node_modules_date-fns_locale_bg_js.js?v=a187d0690f9e9d9b3451 generated SourceMap
<s> [webpack.Progress] 92% sealing asset processing SourceMapDevToolPlugin decidiq-node_modules_date-fns_locale_bn_js.js?v=fa35b018a20fbd250562 generate SourceMap
<s> [webpack.Progress] 92% sealing asset processing SourceMapDevToolPlugin decidiq-node_modules_date-fns_locale_bn_js.js?v=fa35b018a20fbd250562 generated SourceMap
<s> [webpack.Progress] 92% sealing asset processing SourceMapDevToolPlugin decidiq-node_modules_date-fns_locale_bs_js.js?v=83796968065799f1fc5a generate SourceMap
<s> [webpack.Progress] 92% sealing asset processing SourceMapDevToolPlugin decidiq-node_modules_date-fns_locale_bs_js.js?v=83796968065799f1fc5a generated SourceMap
<s> [webpack.Progress] 92% sealing asset processing SourceMapDevToolPlugin decidiq-node_modules_date-fns_locale_ca_js.js?v=e66c7e77c064aeee07ff generate SourceMap
<s> [webpack.Progress] 92% sealing asset processing SourceMapDevToolPlugin decidiq-node_modules_date-fns_locale_ca_js.js?v=e66c7e77c064aeee07ff generated SourceMap
<s> [webpack.Progress] 92% sealing asset processing SourceMapDevToolPlugin decidiq-node_modules_date-fns_locale_ckb_js.js?v=3dafed326c092bd9c439 generate SourceMap
<s> [webpack.Progress] 92% sealing asset processing SourceMapDevToolPlugin decidiq-node_modules_date-fns_locale_ckb_js.js?v=3dafed326c092bd9c439 generated SourceMap
<s> [webpack.Progress] 92% sealing asset processing SourceMapDevToolPlugin decidiq-node_modules_date-fns_locale_cs_js.js?v=ab1bbb455a4b4c18f952 generate SourceMap
<s> [webpack.Progress] 92% sealing asset processing SourceMapDevToolPlugin decidiq-node_modules_date-fns_locale_cs_js.js?v=ab1bbb455a4b4c18f952 generated SourceMap
<s> [webpack.Progress] 92% sealing asset processing SourceMapDevToolPlugin decidiq-node_modules_date-fns_locale_cy_js.js?v=2bc28d598d4ad4780a2a generate SourceMap
<s> [webpack.Progress] 92% sealing asset processing SourceMapDevToolPlugin decidiq-node_modules_date-fns_locale_cy_js.js?v=2bc28d598d4ad4780a2a generated SourceMap
<s> [webpack.Progress] 92% sealing asset processing SourceMapDevToolPlugin decidiq-node_modules_date-fns_locale_da_js.js?v=0db26350aec53af888ad generate SourceMap
<s> [webpack.Progress] 92% sealing asset processing SourceMapDevToolPlugin decidiq-node_modules_date-fns_locale_da_js.js?v=0db26350aec53af888ad generated SourceMap
<s> [webpack.Progress] 92% sealing asset processing SourceMapDevToolPlugin decidiq-node_modules_date-fns_locale_de-AT_js.js?v=a117252185535345fb84 generate SourceMap
<s> [webpack.Progress] 92% sealing asset processing SourceMapDevToolPlugin decidiq-node_modules_date-fns_locale_de-AT_js.js?v=a117252185535345fb84 generated SourceMap
<s> [webpack.Progress] 92% sealing asset processing SourceMapDevToolPlugin decidiq-node_modules_date-fns_locale_de_js.js?v=4abf38a72390cb15d407 generate SourceMap
<s> [webpack.Progress] 92% sealing asset processing SourceMapDevToolPlugin decidiq-node_modules_date-fns_locale_de_js.js?v=4abf38a72390cb15d407 generated SourceMap
<s> [webpack.Progress] 92% sealing asset processing SourceMapDevToolPlugin decidiq-node_modules_date-fns_locale_el_js.js?v=ff0ede7cd1f5fbd74339 generate SourceMap
<s> [webpack.Progress] 92% sealing asset processing SourceMapDevToolPlugin decidiq-node_modules_date-fns_locale_el_js.js?v=ff0ede7cd1f5fbd74339 generated SourceMap
<s> [webpack.Progress] 92% sealing asset processing SourceMapDevToolPlugin decidiq-node_modules_date-fns_locale_en-AU_js.js?v=d19714b7dab6fde6d2ec generate SourceMap
<s> [webpack.Progress] 92% sealing asset processing SourceMapDevToolPlugin decidiq-node_modules_date-fns_locale_en-AU_js.js?v=d19714b7dab6fde6d2ec generated SourceMap
<s> [webpack.Progress] 92% sealing asset processing SourceMapDevToolPlugin decidiq-node_modules_date-fns_locale_en-CA_js.js?v=d5d98c84fa7dfb65521e generate SourceMap
<s> [webpack.Progress] 92% sealing asset processing SourceMapDevToolPlugin decidiq-node_modules_date-fns_locale_en-CA_js.js?v=d5d98c84fa7dfb65521e generated SourceMap
<s> [webpack.Progress] 92% sealing asset processing SourceMapDevToolPlugin decidiq-node_modules_date-fns_locale_en-GB_js.js?v=a9096ef9a7975411febd generate SourceMap
<s> [webpack.Progress] 92% sealing asset processing SourceMapDevToolPlugin decidiq-node_modules_date-fns_locale_en-GB_js.js?v=a9096ef9a7975411febd generated SourceMap
<s> [webpack.Progress] 92% sealing asset processing SourceMapDevToolPlugin decidiq-node_modules_date-fns_locale_en-IE_js.js?v=ee6f41b4872aea4e3c85 generate SourceMap
<s> [webpack.Progress] 92% sealing asset processing SourceMapDevToolPlugin decidiq-node_modules_date-fns_locale_en-IE_js.js?v=ee6f41b4872aea4e3c85 generated SourceMap
<s> [webpack.Progress] 92% sealing asset processing SourceMapDevToolPlugin decidiq-node_modules_date-fns_locale_en-IN_js.js?v=88c3b1473b7a81e82462 generate SourceMap
<s> [webpack.Progress] 92% sealing asset processing SourceMapDevToolPlugin decidiq-node_modules_date-fns_locale_en-IN_js.js?v=88c3b1473b7a81e82462 generated SourceMap
<s> [webpack.Progress] 92% sealing asset processing SourceMapDevToolPlugin decidiq-node_modules_date-fns_locale_en-NZ_js.js?v=3d99f1ea00cd0bf75762 generate SourceMap
<s> [webpack.Progress] 92% sealing asset processing SourceMapDevToolPlugin decidiq-node_modules_date-fns_locale_en-NZ_js.js?v=3d99f1ea00cd0bf75762 generated SourceMap
<s> [webpack.Progress] 92% sealing asset processing SourceMapDevToolPlugin decidiq-node_modules_date-fns_locale_en-ZA_js.js?v=59128700046236735dd4 generate SourceMap
<s> [webpack.Progress] 92% sealing asset processing SourceMapDevToolPlugin decidiq-node_modules_date-fns_locale_en-ZA_js.js?v=59128700046236735dd4 generated SourceMap
<s> [webpack.Progress] 92% sealing asset processing SourceMapDevToolPlugin decidiq-node_modules_date-fns_locale_eo_js.js?v=c49749a7a767a9ec1fd4 generate SourceMap
<s> [webpack.Progress] 92% sealing asset processing SourceMapDevToolPlugin decidiq-node_modules_date-fns_locale_eo_js.js?v=c49749a7a767a9ec1fd4 generated SourceMap
<s> [webpack.Progress] 92% sealing asset processing SourceMapDevToolPlugin decidiq-node_modules_date-fns_locale_es_js.js?v=5ee4cbac27101f5e44c5 generate SourceMap
<s> [webpack.Progress] 92% sealing asset processing SourceMapDevToolPlugin decidiq-node_modules_date-fns_locale_es_js.js?v=5ee4cbac27101f5e44c5 generated SourceMap
<s> [webpack.Progress] 92% sealing asset processing SourceMapDevToolPlugin decidiq-node_modules_date-fns_locale_et_js.js?v=195c1bd32732fec25802 generate SourceMap
<s> [webpack.Progress] 92% sealing asset processing SourceMapDevToolPlugin decidiq-node_modules_date-fns_locale_et_js.js?v=195c1bd32732fec25802 generated SourceMap
<s> [webpack.Progress] 92% sealing asset processing SourceMapDevToolPlugin decidiq-node_modules_date-fns_locale_eu_js.js?v=02195baccc1e977004ce generate SourceMap
<s> [webpack.Progress] 92% sealing asset processing SourceMapDevToolPlugin decidiq-node_modules_date-fns_locale_eu_js.js?v=02195baccc1e977004ce generated SourceMap
<s> [webpack.Progress] 92% sealing asset processing SourceMapDevToolPlugin decidiq-node_modules_date-fns_locale_fa-IR_js.js?v=c2d147be1f56e34ea2b2 generate SourceMap
<s> [webpack.Progress] 92% sealing asset processing SourceMapDevToolPlugin decidiq-node_modules_date-fns_locale_fa-IR_js.js?v=c2d147be1f56e34ea2b2 generated SourceMap
<s> [webpack.Progress] 92% sealing asset processing SourceMapDevToolPlugin decidiq-node_modules_date-fns_locale_fi_js.js?v=65923b54fef07935a605 generate SourceMap
<s> [webpack.Progress] 92% sealing asset processing SourceMapDevToolPlugin decidiq-node_modules_date-fns_locale_fi_js.js?v=65923b54fef07935a605 generated SourceMap
<s> [webpack.Progress] 92% sealing asset processing SourceMapDevToolPlugin decidiq-node_modules_date-fns_locale_fr-CA_js.js?v=ee0ccfac761cc1053595 generate SourceMap
<s> [webpack.Progress] 92% sealing asset processing SourceMapDevToolPlugin decidiq-node_modules_date-fns_locale_fr-CA_js.js?v=ee0ccfac761cc1053595 generated SourceMap
<s> [webpack.Progress] 92% sealing asset processing SourceMapDevToolPlugin decidiq-node_modules_date-fns_locale_fr-CH_js.js?v=4183adcd55719f07b120 generate SourceMap
<s> [webpack.Progress] 92% sealing asset processing SourceMapDevToolPlugin decidiq-node_modules_date-fns_locale_fr-CH_js.js?v=4183adcd55719f07b120 generated SourceMap
<s> [webpack.Progress] 92% sealing asset processing SourceMapDevToolPlugin decidiq-node_modules_date-fns_locale_fr_js.js?v=a3879ad91d114d407235 generate SourceMap
<s> [webpack.Progress] 92% sealing asset processing SourceMapDevToolPlugin decidiq-node_modules_date-fns_locale_fr_js.js?v=a3879ad91d114d407235 generated SourceMap
<s> [webpack.Progress] 92% sealing asset processing SourceMapDevToolPlugin decidiq-node_modules_date-fns_locale_fy_js.js?v=73332d87aab3c1a69771 generate SourceMap
<s> [webpack.Progress] 92% sealing asset processing SourceMapDevToolPlugin decidiq-node_modules_date-fns_locale_fy_js.js?v=73332d87aab3c1a69771 generated SourceMap
<s> [webpack.Progress] 92% sealing asset processing SourceMapDevToolPlugin decidiq-node_modules_date-fns_locale_gd_js.js?v=2d712f346733d0bfd4e2 generate SourceMap
<s> [webpack.Progress] 92% sealing asset processing SourceMapDevToolPlugin decidiq-node_modules_date-fns_locale_gd_js.js?v=2d712f346733d0bfd4e2 generated SourceMap
<s> [webpack.Progress] 92% sealing asset processing SourceMapDevToolPlugin decidiq-node_modules_date-fns_locale_gl_js.js?v=be30dd0e6a53388ad3d4 generate SourceMap
<s> [webpack.Progress] 92% sealing asset processing SourceMapDevToolPlugin decidiq-node_modules_date-fns_locale_gl_js.js?v=be30dd0e6a53388ad3d4 generated SourceMap
<s> [webpack.Progress] 92% sealing asset processing SourceMapDevToolPlugin decidiq-node_modules_date-fns_locale_gu_js.js?v=742cf461261199676d46 generate SourceMap
<s> [webpack.Progress] 92% sealing asset processing SourceMapDevToolPlugin decidiq-node_modules_date-fns_locale_gu_js.js?v=742cf461261199676d46 generated SourceMap
<s> [webpack.Progress] 92% sealing asset processing SourceMapDevToolPlugin decidiq-node_modules_date-fns_locale_he_js.js?v=893f4ec15e3ba322b6d4 generate SourceMap
<s> [webpack.Progress] 92% sealing asset processing SourceMapDevToolPlugin decidiq-node_modules_date-fns_locale_he_js.js?v=893f4ec15e3ba322b6d4 generated SourceMap
<s> [webpack.Progress] 92% sealing asset processing SourceMapDevToolPlugin decidiq-node_modules_date-fns_locale_hi_js.js?v=207a2796eb5f90a854c5 generate SourceMap
<s> [webpack.Progress] 92% sealing asset processing SourceMapDevToolPlugin decidiq-node_modules_date-fns_locale_hi_js.js?v=207a2796eb5f90a854c5 generated SourceMap
<s> [webpack.Progress] 92% sealing asset processing SourceMapDevToolPlugin decidiq-node_modules_date-fns_locale_hr_js.js?v=03d6ad246d7185633c31 generate SourceMap
<s> [webpack.Progress] 92% sealing asset processing SourceMapDevToolPlugin decidiq-node_modules_date-fns_locale_hr_js.js?v=03d6ad246d7185633c31 generated SourceMap
<s> [webpack.Progress] 92% sealing asset processing SourceMapDevToolPlugin decidiq-node_modules_date-fns_locale_ht_js.js?v=c28a1fd2889f3a5fed39 generate SourceMap
<s> [webpack.Progress] 92% sealing asset processing SourceMapDevToolPlugin decidiq-node_modules_date-fns_locale_ht_js.js?v=c28a1fd2889f3a5fed39 generated SourceMap
<s> [webpack.Progress] 92% sealing asset processing SourceMapDevToolPlugin decidiq-node_modules_date-fns_locale_hu_js.js?v=f4afd50cea3738483aa4 generate SourceMap
<s> [webpack.Progress] 92% sealing asset processing SourceMapDevToolPlugin decidiq-node_modules_date-fns_locale_hu_js.js?v=f4afd50cea3738483aa4 generated SourceMap
<s> [webpack.Progress] 92% sealing asset processing SourceMapDevToolPlugin decidiq-node_modules_date-fns_locale_hy_js.js?v=1faa53ef3f8f85886bc4 generate SourceMap
<s> [webpack.Progress] 92% sealing asset processing SourceMapDevToolPlugin decidiq-node_modules_date-fns_locale_hy_js.js?v=1faa53ef3f8f85886bc4 generated SourceMap
<s> [webpack.Progress] 92% sealing asset processing SourceMapDevToolPlugin decidiq-node_modules_date-fns_locale_id_js.js?v=440d36d81348d47248ab generate SourceMap
<s> [webpack.Progress] 92% sealing asset processing SourceMapDevToolPlugin decidiq-node_modules_date-fns_locale_id_js.js?v=440d36d81348d47248ab generated SourceMap
<s> [webpack.Progress] 92% sealing asset processing SourceMapDevToolPlugin decidiq-node_modules_date-fns_locale_is_js.js?v=e56cd5c6fbdaf7c99479 generate SourceMap
<s> [webpack.Progress] 92% sealing asset processing SourceMapDevToolPlugin decidiq-node_modules_date-fns_locale_is_js.js?v=e56cd5c6fbdaf7c99479 generated SourceMap
<s> [webpack.Progress] 92% sealing asset processing SourceMapDevToolPlugin decidiq-node_modules_date-fns_locale_it-CH_js.js?v=ac184c14486a7649ef1e generate SourceMap
<s> [webpack.Progress] 92% sealing asset processing SourceMapDevToolPlugin decidiq-node_modules_date-fns_locale_it-CH_js.js?v=ac184c14486a7649ef1e generated SourceMap
<s> [webpack.Progress] 92% sealing asset processing SourceMapDevToolPlugin decidiq-node_modules_date-fns_locale_it_js.js?v=afa77709d0ad109db55e generate SourceMap
<s> [webpack.Progress] 92% sealing asset processing SourceMapDevToolPlugin decidiq-node_modules_date-fns_locale_it_js.js?v=afa77709d0ad109db55e generated SourceMap
<s> [webpack.Progress] 92% sealing asset processing SourceMapDevToolPlugin decidiq-node_modules_date-fns_locale_ja-Hira_js.js?v=1fbb2b0b02513bd9aa5f generate SourceMap
<s> [webpack.Progress] 92% sealing asset processing SourceMapDevToolPlugin decidiq-node_modules_date-fns_locale_ja-Hira_js.js?v=1fbb2b0b02513bd9aa5f generated SourceMap
<s> [webpack.Progress] 92% sealing asset processing SourceMapDevToolPlugin decidiq-node_modules_date-fns_locale_ja_js.js?v=d00f264a809ad1b487dc generate SourceMap
<s> [webpack.Progress] 92% sealing asset processing SourceMapDevToolPlugin decidiq-node_modules_date-fns_locale_ja_js.js?v=d00f264a809ad1b487dc generated SourceMap
<s> [webpack.Progress] 92% sealing asset processing SourceMapDevToolPlugin decidiq-node_modules_date-fns_locale_ka_js.js?v=a57fdf94aeaa523f12c6 generate SourceMap
<s> [webpack.Progress] 92% sealing asset processing SourceMapDevToolPlugin decidiq-node_modules_date-fns_locale_ka_js.js?v=a57fdf94aeaa523f12c6 generated SourceMap
<s> [webpack.Progress] 92% sealing asset processing SourceMapDevToolPlugin decidiq-node_modules_date-fns_locale_kk_js.js?v=b3bb566a45c39f269a3f generate SourceMap
<s> [webpack.Progress] 92% sealing asset processing SourceMapDevToolPlugin decidiq-node_modules_date-fns_locale_kk_js.js?v=b3bb566a45c39f269a3f generated SourceMap
<s> [webpack.Progress] 92% sealing asset processing SourceMapDevToolPlugin decidiq-node_modules_date-fns_locale_km_js.js?v=293556050c8daed1d885 generate SourceMap
<s> [webpack.Progress] 92% sealing asset processing SourceMapDevToolPlugin decidiq-node_modules_date-fns_locale_km_js.js?v=293556050c8daed1d885 generated SourceMap
<s> [webpack.Progress] 92% sealing asset processing SourceMapDevToolPlugin decidiq-node_modules_date-fns_locale_kn_js.js?v=99616c1e03ab71b122c8 generate SourceMap
<s> [webpack.Progress] 92% sealing asset processing SourceMapDevToolPlugin decidiq-node_modules_date-fns_locale_kn_js.js?v=99616c1e03ab71b122c8 generated SourceMap
<s> [webpack.Progress] 92% sealing asset processing SourceMapDevToolPlugin decidiq-node_modules_date-fns_locale_ko_js.js?v=a13fddd3f44021f84be6 generate SourceMap
<s> [webpack.Progress] 92% sealing asset processing SourceMapDevToolPlugin decidiq-node_modules_date-fns_locale_ko_js.js?v=a13fddd3f44021f84be6 generated SourceMap
<s> [webpack.Progress] 92% sealing asset processing SourceMapDevToolPlugin decidiq-node_modules_date-fns_locale_lb_js.js?v=7aa950d4fd7ba2cd6cf9 generate SourceMap
<s> [webpack.Progress] 92% sealing asset processing SourceMapDevToolPlugin decidiq-node_modules_date-fns_locale_lb_js.js?v=7aa950d4fd7ba2cd6cf9 generated SourceMap
<s> [webpack.Progress] 92% sealing asset processing SourceMapDevToolPlugin decidiq-node_modules_date-fns_locale_lt_js.js?v=c7e3f5de04d91b037db0 generate SourceMap
<s> [webpack.Progress] 92% sealing asset processing SourceMapDevToolPlugin decidiq-node_modules_date-fns_locale_lt_js.js?v=c7e3f5de04d91b037db0 generated SourceMap
<s> [webpack.Progress] 92% sealing asset processing SourceMapDevToolPlugin decidiq-node_modules_date-fns_locale_lv_js.js?v=e6dcdf3f05cd860adda2 generate SourceMap
<s> [webpack.Progress] 92% sealing asset processing SourceMapDevToolPlugin decidiq-node_modules_date-fns_locale_lv_js.js?v=e6dcdf3f05cd860adda2 generated SourceMap
<s> [webpack.Progress] 92% sealing asset processing SourceMapDevToolPlugin decidiq-node_modules_date-fns_locale_mk_js.js?v=f889b031a2036247b754 generate SourceMap
<s> [webpack.Progress] 92% sealing asset processing SourceMapDevToolPlugin decidiq-node_modules_date-fns_locale_mk_js.js?v=f889b031a2036247b754 generated SourceMap
<s> [webpack.Progress] 92% sealing asset processing SourceMapDevToolPlugin decidiq-node_modules_date-fns_locale_mn_js.js?v=36088281716caac6fba2 generate SourceMap
<s> [webpack.Progress] 92% sealing asset processing SourceMapDevToolPlugin decidiq-node_modules_date-fns_locale_mn_js.js?v=36088281716caac6fba2 generated SourceMap
<s> [webpack.Progress] 92% sealing asset processing SourceMapDevToolPlugin decidiq-node_modules_date-fns_locale_ms_js.js?v=9c14a3ee443eba12d147 generate SourceMap
<s> [webpack.Progress] 92% sealing asset processing SourceMapDevToolPlugin decidiq-node_modules_date-fns_locale_ms_js.js?v=9c14a3ee443eba12d147 generated SourceMap
<s> [webpack.Progress] 92% sealing asset processing SourceMapDevToolPlugin decidiq-node_modules_date-fns_locale_mt_js.js?v=62ea61d1bbad28f078dd generate SourceMap
<s> [webpack.Progress] 92% sealing asset processing SourceMapDevToolPlugin decidiq-node_modules_date-fns_locale_mt_js.js?v=62ea61d1bbad28f078dd generated SourceMap
<s> [webpack.Progress] 92% sealing asset processing SourceMapDevToolPlugin decidiq-node_modules_date-fns_locale_nb_js.js?v=a8a7b6307b5211bcf7d1 generate SourceMap
<s> [webpack.Progress] 92% sealing asset processing SourceMapDevToolPlugin decidiq-node_modules_date-fns_locale_nb_js.js?v=a8a7b6307b5211bcf7d1 generated SourceMap
<s> [webpack.Progress] 92% sealing asset processing SourceMapDevToolPlugin decidiq-node_modules_date-fns_locale_nl-BE_js.js?v=705c2ba961f0e232f7ce generate SourceMap
<s> [webpack.Progress] 92% sealing asset processing SourceMapDevToolPlugin decidiq-node_modules_date-fns_locale_nl-BE_js.js?v=705c2ba961f0e232f7ce generated SourceMap
<s> [webpack.Progress] 92% sealing asset processing SourceMapDevToolPlugin decidiq-node_modules_date-fns_locale_nl_js.js?v=df9c92cdd791065b647b generate SourceMap
<s> [webpack.Progress] 92% sealing asset processing SourceMapDevToolPlugin decidiq-node_modules_date-fns_locale_nl_js.js?v=df9c92cdd791065b647b generated SourceMap
<s> [webpack.Progress] 92% sealing asset processing SourceMapDevToolPlugin decidiq-node_modules_date-fns_locale_nn_js.js?v=3df10f1d1c4ec00aa21e generate SourceMap
<s> [webpack.Progress] 92% sealing asset processing SourceMapDevToolPlugin decidiq-node_modules_date-fns_locale_nn_js.js?v=3df10f1d1c4ec00aa21e generated SourceMap
<s> [webpack.Progress] 92% sealing asset processing SourceMapDevToolPlugin decidiq-node_modules_date-fns_locale_oc_js.js?v=56abc5947bee03c0b40f generate SourceMap
<s> [webpack.Progress] 92% sealing asset processing SourceMapDevToolPlugin decidiq-node_modules_date-fns_locale_oc_js.js?v=56abc5947bee03c0b40f generated SourceMap
<s> [webpack.Progress] 92% sealing asset processing SourceMapDevToolPlugin decidiq-node_modules_date-fns_locale_pl_js.js?v=c345dffb3950ed589bd2 generate SourceMap
<s> [webpack.Progress] 92% sealing asset processing SourceMapDevToolPlugin decidiq-node_modules_date-fns_locale_pl_js.js?v=c345dffb3950ed589bd2 generated SourceMap
<s> [webpack.Progress] 92% sealing asset processing SourceMapDevToolPlugin decidiq-node_modules_date-fns_locale_pt-BR_js.js?v=eeebe61a790db1a9ec1e generate SourceMap
<s> [webpack.Progress] 92% sealing asset processing SourceMapDevToolPlugin decidiq-node_modules_date-fns_locale_pt-BR_js.js?v=eeebe61a790db1a9ec1e generated SourceMap
<s> [webpack.Progress] 92% sealing asset processing SourceMapDevToolPlugin decidiq-node_modules_date-fns_locale_pt_js.js?v=5c51fcb0e6a1aced92dc generate SourceMap
<s> [webpack.Progress] 92% sealing asset processing SourceMapDevToolPlugin decidiq-node_modules_date-fns_locale_pt_js.js?v=5c51fcb0e6a1aced92dc generated SourceMap
<s> [webpack.Progress] 92% sealing asset processing SourceMapDevToolPlugin decidiq-node_modules_date-fns_locale_ro_js.js?v=e5f7a4bd5028fe2275c7 generate SourceMap
<s> [webpack.Progress] 92% sealing asset processing SourceMapDevToolPlugin decidiq-node_modules_date-fns_locale_ro_js.js?v=e5f7a4bd5028fe2275c7 generated SourceMap
<s> [webpack.Progress] 92% sealing asset processing SourceMapDevToolPlugin decidiq-node_modules_date-fns_locale_ru_js.js?v=8df6ea3f4931d65a8e0b generate SourceMap
<s> [webpack.Progress] 92% sealing asset processing SourceMapDevToolPlugin decidiq-node_modules_date-fns_locale_ru_js.js?v=8df6ea3f4931d65a8e0b generated SourceMap
<s> [webpack.Progress] 92% sealing asset processing SourceMapDevToolPlugin decidiq-node_modules_date-fns_locale_se_js.js?v=5b421850bfb9cf06ed0d generate SourceMap
<s> [webpack.Progress] 92% sealing asset processing SourceMapDevToolPlugin decidiq-node_modules_date-fns_locale_se_js.js?v=5b421850bfb9cf06ed0d generated SourceMap
<s> [webpack.Progress] 92% sealing asset processing SourceMapDevToolPlugin decidiq-node_modules_date-fns_locale_sk_js.js?v=7bf6433506e73752eb20 generate SourceMap
<s> [webpack.Progress] 92% sealing asset processing SourceMapDevToolPlugin decidiq-node_modules_date-fns_locale_sk_js.js?v=7bf6433506e73752eb20 generated SourceMap
<s> [webpack.Progress] 92% sealing asset processing SourceMapDevToolPlugin decidiq-node_modules_date-fns_locale_sl_js.js?v=5ab6b410c8f50c8f9efa generate SourceMap
<s> [webpack.Progress] 92% sealing asset processing SourceMapDevToolPlugin decidiq-node_modules_date-fns_locale_sl_js.js?v=5ab6b410c8f50c8f9efa generated SourceMap
<s> [webpack.Progress] 92% sealing asset processing SourceMapDevToolPlugin decidiq-node_modules_date-fns_locale_sq_js.js?v=a2747677058ee0bf3b0f generate SourceMap
<s> [webpack.Progress] 92% sealing asset processing SourceMapDevToolPlugin decidiq-node_modules_date-fns_locale_sq_js.js?v=a2747677058ee0bf3b0f generated SourceMap
<s> [webpack.Progress] 92% sealing asset processing SourceMapDevToolPlugin decidiq-node_modules_date-fns_locale_sr-Latn_js.js?v=01368599295cef222b0c generate SourceMap
<s> [webpack.Progress] 92% sealing asset processing SourceMapDevToolPlugin decidiq-node_modules_date-fns_locale_sr-Latn_js.js?v=01368599295cef222b0c generated SourceMap
<s> [webpack.Progress] 92% sealing asset processing SourceMapDevToolPlugin decidiq-node_modules_date-fns_locale_sr_js.js?v=e5a2c412671ffa99a2f9 generate SourceMap
<s> [webpack.Progress] 92% sealing asset processing SourceMapDevToolPlugin decidiq-node_modules_date-fns_locale_sr_js.js?v=e5a2c412671ffa99a2f9 generated SourceMap
<s> [webpack.Progress] 92% sealing asset processing SourceMapDevToolPlugin decidiq-node_modules_date-fns_locale_sv_js.js?v=3514b427c43149d4d5e3 generate SourceMap
<s> [webpack.Progress] 92% sealing asset processing SourceMapDevToolPlugin decidiq-node_modules_date-fns_locale_sv_js.js?v=3514b427c43149d4d5e3 generated SourceMap
<s> [webpack.Progress] 92% sealing asset processing SourceMapDevToolPlugin decidiq-node_modules_date-fns_locale_ta_js.js?v=74794181d96bf26504ef generate SourceMap
<s> [webpack.Progress] 92% sealing asset processing SourceMapDevToolPlugin decidiq-node_modules_date-fns_locale_ta_js.js?v=74794181d96bf26504ef generated SourceMap
<s> [webpack.Progress] 92% sealing asset processing SourceMapDevToolPlugin decidiq-node_modules_date-fns_locale_te_js.js?v=35976bb859830e339949 generate SourceMap
<s> [webpack.Progress] 92% sealing asset processing SourceMapDevToolPlugin decidiq-node_modules_date-fns_locale_te_js.js?v=35976bb859830e339949 generated SourceMap
<s> [webpack.Progress] 92% sealing asset processing SourceMapDevToolPlugin decidiq-node_modules_date-fns_locale_th_js.js?v=fc36013d1ab30e2a170a generate SourceMap
<s> [webpack.Progress] 92% sealing asset processing SourceMapDevToolPlugin decidiq-node_modules_date-fns_locale_th_js.js?v=fc36013d1ab30e2a170a generated SourceMap
<s> [webpack.Progress] 92% sealing asset processing SourceMapDevToolPlugin decidiq-node_modules_date-fns_locale_tr_js.js?v=323013bd209281cb313b generate SourceMap
<s> [webpack.Progress] 92% sealing asset processing SourceMapDevToolPlugin decidiq-node_modules_date-fns_locale_tr_js.js?v=323013bd209281cb313b generated SourceMap
<s> [webpack.Progress] 92% sealing asset processing SourceMapDevToolPlugin decidiq-node_modules_date-fns_locale_ug_js.js?v=b26c068e25654dc97a48 generate SourceMap
<s> [webpack.Progress] 92% sealing asset processing SourceMapDevToolPlugin decidiq-node_modules_date-fns_locale_ug_js.js?v=b26c068e25654dc97a48 generated SourceMap
<s> [webpack.Progress] 92% sealing asset processing SourceMapDevToolPlugin decidiq-vendors-node_modules_date-fns_locale_uk_js.js?v=4818f112f78f264d1edc generate SourceMap
<s> [webpack.Progress] 92% sealing asset processing SourceMapDevToolPlugin decidiq-vendors-node_modules_date-fns_locale_uk_js.js?v=4818f112f78f264d1edc generated SourceMap
<s> [webpack.Progress] 92% sealing asset processing SourceMapDevToolPlugin decidiq-node_modules_date-fns_locale_uz-Cyrl_js.js?v=4351047b9ae42585f952 generate SourceMap
<s> [webpack.Progress] 92% sealing asset processing SourceMapDevToolPlugin decidiq-node_modules_date-fns_locale_uz-Cyrl_js.js?v=4351047b9ae42585f952 generated SourceMap
<s> [webpack.Progress] 92% sealing asset processing SourceMapDevToolPlugin decidiq-node_modules_date-fns_locale_uz_js.js?v=fcd45735c3b97798f8c0 generate SourceMap
<s> [webpack.Progress] 92% sealing asset processing SourceMapDevToolPlugin decidiq-node_modules_date-fns_locale_uz_js.js?v=fcd45735c3b97798f8c0 generated SourceMap
<s> [webpack.Progress] 92% sealing asset processing SourceMapDevToolPlugin decidiq-node_modules_date-fns_locale_vi_js.js?v=0714db2874a32f532656 generate SourceMap
<s> [webpack.Progress] 92% sealing asset processing SourceMapDevToolPlugin decidiq-node_modules_date-fns_locale_vi_js.js?v=0714db2874a32f532656 generated SourceMap
<s> [webpack.Progress] 92% sealing asset processing SourceMapDevToolPlugin decidiq-node_modules_date-fns_locale_zh-CN_js.js?v=e55307975d22aac3d0a3 generate SourceMap
<s> [webpack.Progress] 92% sealing asset processing SourceMapDevToolPlugin decidiq-node_modules_date-fns_locale_zh-CN_js.js?v=e55307975d22aac3d0a3 generated SourceMap
<s> [webpack.Progress] 92% sealing asset processing SourceMapDevToolPlugin decidiq-node_modules_date-fns_locale_zh-HK_js.js?v=a72dd1ab419ac68d5dbb generate SourceMap
<s> [webpack.Progress] 92% sealing asset processing SourceMapDevToolPlugin decidiq-node_modules_date-fns_locale_zh-HK_js.js?v=a72dd1ab419ac68d5dbb generated SourceMap
<s> [webpack.Progress] 92% sealing asset processing SourceMapDevToolPlugin decidiq-node_modules_date-fns_locale_zh-TW_js.js?v=69cf86a38122ba0477cd generate SourceMap
<s> [webpack.Progress] 92% sealing asset processing SourceMapDevToolPlugin decidiq-node_modules_date-fns_locale_zh-TW_js.js?v=69cf86a38122ba0477cd generated SourceMap
<s> [webpack.Progress] 92% sealing asset processing SourceMapDevToolPlugin decidiq-vendors-node_modules_rehype-highlight_index_js.js?v=7b1f56c1d489560789d8 generate SourceMap
<s> [webpack.Progress] 92% sealing asset processing SourceMapDevToolPlugin decidiq-vendors-node_modules_rehype-highlight_index_js.js?v=7b1f56c1d489560789d8 generated SourceMap
<s> [webpack.Progress] 92% sealing asset processing SourceMapDevToolPlugin decidiq-vendors-node_modules_toast-ui_editor_dist_esm_index_js.js?v=ae82c8553cd3f5b34294 generate SourceMap
<s> [webpack.Progress] 92% sealing asset processing SourceMapDevToolPlugin decidiq-vendors-node_modules_toast-ui_editor_dist_esm_index_js.js?v=ae82c8553cd3f5b34294 generated SourceMap
<s> [webpack.Progress] 92% sealing asset processing SourceMapDevToolPlugin decidiq-data_image_png_base64_iVBORw0KGgoAAAANSUhEUgAAA6QAAAEkCAYAAAA4kPwsAAAAAXNSR0IArs4c6QAAQABJREF-bc006b.js?v=5a7764486397ecfeb15b generate SourceMap
<s> [webpack.Progress] 92% sealing asset processing SourceMapDevToolPlugin decidiq-data_image_png_base64_iVBORw0KGgoAAAANSUhEUgAAA6QAAAEkCAYAAAA4kPwsAAAAAXNSR0IArs4c6QAAQABJREF-bc006b.js?v=5a7764486397ecfeb15b generated SourceMap
<s> [webpack.Progress] 92% sealing asset processing SourceMapDevToolPlugin decidiq-cn-icons-mdi.js?v=cf93713850a54ac6fb2c generate SourceMap
<s> [webpack.Progress] 92% sealing asset processing SourceMapDevToolPlugin decidiq-cn-icons-mdi.js?v=cf93713850a54ac6fb2c generated SourceMap
<s> [webpack.Progress] 92% sealing asset processing SourceMapDevToolPlugin decidiq-cn-icons-rvo.js?v=e4e6db5ba14a2fa0cd52 generate SourceMap
<s> [webpack.Progress] 92% sealing asset processing SourceMapDevToolPlugin decidiq-cn-icons-rvo.js?v=e4e6db5ba14a2fa0cd52 generated SourceMap
<s> [webpack.Progress] 92% sealing asset processing SourceMapDevToolPlugin decidiq-vendors-node_modules_conduction_nextcloud-vue_dist_esm_node_modules_nextcloud_dialogs_dist_ch-899bef.js?v=01a82abacb8ec91f768f generate SourceMap
<s> [webpack.Progress] 92% sealing asset processing SourceMapDevToolPlugin decidiq-vendors-node_modules_conduction_nextcloud-vue_dist_esm_node_modules_nextcloud_dialogs_dist_ch-899bef.js?v=01a82abacb8ec91f768f generated SourceMap
<s> [webpack.Progress] 92% sealing asset processing SourceMapDevToolPlugin decidiq-vendors-node_modules_conduction_nextcloud-vue_dist_esm_node_modules_nextcloud_dialogs_dist_ch-82cd34.js?v=5607f924bcd1aca04303 generate SourceMap
<s> [webpack.Progress] 92% sealing asset processing SourceMapDevToolPlugin decidiq-vendors-node_modules_conduction_nextcloud-vue_dist_esm_node_modules_nextcloud_dialogs_dist_ch-82cd34.js?v=5607f924bcd1aca04303 generated SourceMap
<s> [webpack.Progress] 92% sealing asset processing SourceMapDevToolPlugin decidiq-node_modules_conduction_nextcloud-vue_dist_esm_node_modules_nextcloud_dialogs_dist_chunks_Pub-1ead8e.js?v=929f3fb47daa0dd34110 generate SourceMap
<s> [webpack.Progress] 92% sealing asset processing SourceMapDevToolPlugin decidiq-node_modules_conduction_nextcloud-vue_dist_esm_node_modules_nextcloud_dialogs_dist_chunks_Pub-1ead8e.js?v=929f3fb47daa0dd34110 generated SourceMap
<s> [webpack.Progress] 92% sealing asset processing SourceMapDevToolPlugin decidiq-node_modules_conduction_nextcloud-vue_dist_esm_utils_evalFormula_js.js?v=396409444653dd0bfab6 generate SourceMap
<s> [webpack.Progress] 92% sealing asset processing SourceMapDevToolPlugin decidiq-node_modules_conduction_nextcloud-vue_dist_esm_utils_evalFormula_js.js?v=396409444653dd0bfab6 generated SourceMap
<s> [webpack.Progress] 92% sealing asset processing SourceMapDevToolPlugin decidiq-node_modules_conduction_nextcloud-vue_dist_esm_node_modules_nextcloud_dialogs_dist_index_js.js?v=f3a6f22d4c3e5178bb82 generate SourceMap
<s> [webpack.Progress] 92% sealing asset processing SourceMapDevToolPlugin decidiq-node_modules_conduction_nextcloud-vue_dist_esm_node_modules_nextcloud_dialogs_dist_index_js.js?v=f3a6f22d4c3e5178bb82 generated SourceMap
<s> [webpack.Progress] 92% sealing asset processing SourceMapDevToolPlugin decidiq-vendors-node_modules_conduction_nextcloud-vue_dist_esm_node_modules_leaflet_dist_leaflet-src_js.js?v=957df1b5ea015eaec555 generate SourceMap
<s> [webpack.Progress] 92% sealing asset processing SourceMapDevToolPlugin decidiq-vendors-node_modules_conduction_nextcloud-vue_dist_esm_node_modules_leaflet_dist_leaflet-src_js.js?v=957df1b5ea015eaec555 generated SourceMap
<s> [webpack.Progress] 92% sealing asset processing SourceMapDevToolPlugin decidiq-node_modules_conduction_nextcloud-vue_dist_esm_components_CnMapPage_CnMapPage_vue_js.js?v=b3161de3440a4376a43c generate SourceMap
<s> [webpack.Progress] 92% sealing asset processing SourceMapDevToolPlugin decidiq-node_modules_conduction_nextcloud-vue_dist_esm_components_CnMapPage_CnMapPage_vue_js.js?v=b3161de3440a4376a43c generated SourceMap
<s> [webpack.Progress] 92% sealing asset processing SourceMapDevToolPlugin decidiq-node_modules_conduction_nextcloud-vue_dist_esm_components_CnWikiPage_CnWikiPage_vue_js.js?v=403291246de99f3a8d18 generate SourceMap
<s> [webpack.Progress] 92% sealing asset processing SourceMapDevToolPlugin decidiq-node_modules_conduction_nextcloud-vue_dist_esm_components_CnWikiPage_CnWikiPage_vue_js.js?v=403291246de99f3a8d18 generated SourceMap
<s> [webpack.Progress] 92% sealing asset processing SourceMapDevToolPlugin decidiq-src_components_widgets_ConfidentialityStatusTimelineWidget_vue.js?v=3fb00147309aa87cb844 generate SourceMap
<s> [webpack.Progress] 92% sealing asset processing SourceMapDevToolPlugin decidiq-src_components_widgets_ConfidentialityStatusTimelineWidget_vue.js?v=3fb00147309aa87cb844 generated SourceMap
<s> [webpack.Progress] 92% sealing asset processing SourceMapDevToolPlugin decidiq-src_components_widgets_DelegationChainWidget_vue.js?v=7cbe2487ba561e694818 generate SourceMap
<s> [webpack.Progress] 92% sealing asset processing SourceMapDevToolPlugin decidiq-src_components_widgets_DelegationChainWidget_vue.js?v=7cbe2487ba561e694818 generated SourceMap
<s> [webpack.Progress] 92% sealing asset processing SourceMapDevToolPlugin decidiq-src_components_widgets_RegisterVersionTimelineWidget_vue.js?v=be7848e480a2bb79974c generate SourceMap
<s> [webpack.Progress] 92% sealing asset processing SourceMapDevToolPlugin decidiq-src_components_widgets_RegisterVersionTimelineWidget_vue.js?v=be7848e480a2bb79974c generated SourceMap
<s> [webpack.Progress] 92% sealing asset processing SourceMapDevToolPlugin decidiq-vendors-node_modules_nextcloud_dialogs_dist_chunks_ConflictPicker_mjs-node_modules_typescript-406ecb.js?v=c832c9b9501e405e30bb generate SourceMap
<s> [webpack.Progress] 92% sealing asset processing SourceMapDevToolPlugin decidiq-vendors-node_modules_nextcloud_dialogs_dist_chunks_ConflictPicker_mjs-node_modules_typescript-406ecb.js?v=c832c9b9501e405e30bb generated SourceMap
<s> [webpack.Progress] 92% sealing asset processing SourceMapDevToolPlugin decidiq-vendors-node_modules_nextcloud_dialogs_dist_chunks_FilePicker_mjs.js?v=f7f646857663d3c9d3bd generate SourceMap
<s> [webpack.Progress] 92% sealing asset processing SourceMapDevToolPlugin decidiq-vendors-node_modules_nextcloud_dialogs_dist_chunks_FilePicker_mjs.js?v=f7f646857663d3c9d3bd generated SourceMap
<s> [webpack.Progress] 92% sealing asset processing SourceMapDevToolPlugin decidiq-node_modules_nextcloud_dialogs_dist_chunks_PublicAuthPrompt_mjs-node_modules_typescript-event-6fb9de.js?v=ad4a02978b665ea9d4c4 generate SourceMap
<s> [webpack.Progress] 92% sealing asset processing SourceMapDevToolPlugin decidiq-node_modules_nextcloud_dialogs_dist_chunks_PublicAuthPrompt_mjs-node_modules_typescript-event-6fb9de.js?v=ad4a02978b665ea9d4c4 generated SourceMap
<s> [webpack.Progress] 92% sealing asset processing SourceMapDevToolPlugin decidiq-vendors-node_modules_typescript-event-target_dist_index_mjs-node_modules_webdav_dist_web_index_js.js?v=23cf6954a0d5ef1eb632 generate SourceMap
<s> [webpack.Progress] 92% sealing asset processing SourceMapDevToolPlugin decidiq-vendors-node_modules_typescript-event-target_dist_index_mjs-node_modules_webdav_dist_web_index_js.js?v=23cf6954a0d5ef1eb632 generated SourceMap
<s> [webpack.Progress] 92% sealing asset processing SourceMapDevToolPlugin decidiq-vendors-node_modules_conduction_nextcloud-vue_dist_esm_node_modules_nextcloud_dialogs_dist_ch-eabf4e.js?v=91f02cbd3e995d64a483 generate SourceMap
<s> [webpack.Progress] 92% sealing asset processing SourceMapDevToolPlugin decidiq-vendors-node_modules_conduction_nextcloud-vue_dist_esm_node_modules_nextcloud_dialogs_dist_ch-eabf4e.js?v=91f02cbd3e995d64a483 generated SourceMap
<s> [webpack.Progress] 92% sealing asset processing SourceMapDevToolPlugin decidiq-vendors-node_modules_nextcloud_dialogs_node_modules_nextcloud_files_dist_index_mjs.js?v=def197781c1cc3497614 generate SourceMap
<s> [webpack.Progress] 92% sealing asset processing SourceMapDevToolPlugin decidiq-vendors-node_modules_nextcloud_dialogs_node_modules_nextcloud_files_dist_index_mjs.js?v=def197781c1cc3497614 generated SourceMap
<s> [webpack.Progress] 92% sealing asset processing SourceMapDevToolPlugin decidiq-vendors-node_modules_conduction_nextcloud-vue_dist_esm_node_modules_nextcloud_dialogs_dist_ch-37cc38.js?v=3d738cdfaf1668fba191 generate SourceMap
<s> [webpack.Progress] 92% sealing asset processing SourceMapDevToolPlugin decidiq-vendors-node_modules_conduction_nextcloud-vue_dist_esm_node_modules_nextcloud_dialogs_dist_ch-37cc38.js?v=3d738cdfaf1668fba191 generated SourceMap
<s> [webpack.Progress] 92% sealing asset processing SourceMapDevToolPlugin decidiq-vendors-node_modules_toast-ui_editor_dist_toastui-editor_css.js?v=108519638400d0d089c9 generate SourceMap
<s> [webpack.Progress] 92% sealing asset processing SourceMapDevToolPlugin decidiq-vendors-node_modules_toast-ui_editor_dist_toastui-editor_css.js?v=108519638400d0d089c9 generated SourceMap
<s> [webpack.Progress] 92% sealing asset processing SourceMapDevToolPlugin resolve sources
<s> [webpack.Progress] 92% sealing asset processing SourceMapDevToolPlugin decidiq-main.js attach SourceMap
<s> [webpack.Progress] 92% sealing asset processing SourceMapDevToolPlugin decidiq-main.js attached SourceMap
<s> [webpack.Progress] 92% sealing asset processing SourceMapDevToolPlugin decidiq-settings.js attach SourceMap
<s> [webpack.Progress] 92% sealing asset processing SourceMapDevToolPlugin decidiq-settings.js attached SourceMap
<s> [webpack.Progress] 92% sealing asset processing SourceMapDevToolPlugin decidiq-personal.js attach SourceMap
<s> [webpack.Progress] 92% sealing asset processing SourceMapDevToolPlugin decidiq-personal.js attached SourceMap
<s> [webpack.Progress] 92% sealing asset processing SourceMapDevToolPlugin decidiq-integration-init.js attach SourceMap
<s> [webpack.Progress] 92% sealing asset processing SourceMapDevToolPlugin decidiq-integration-init.js attached SourceMap
<s> [webpack.Progress] 92% sealing asset processing SourceMapDevToolPlugin decidiq-node_modules_date-fns_locale_af_js.js?v=b55bb185f3dc9ef7c9db attach SourceMap
<s> [webpack.Progress] 92% sealing asset processing SourceMapDevToolPlugin decidiq-node_modules_date-fns_locale_af_js.js?v=b55bb185f3dc9ef7c9db attached SourceMap
<s> [webpack.Progress] 92% sealing asset processing SourceMapDevToolPlugin decidiq-node_modules_date-fns_locale_ar-DZ_js.js?v=c80f11e6da067175e0c6 attach SourceMap
<s> [webpack.Progress] 92% sealing asset processing SourceMapDevToolPlugin decidiq-node_modules_date-fns_locale_ar-DZ_js.js?v=c80f11e6da067175e0c6 attached SourceMap
<s> [webpack.Progress] 92% sealing asset processing SourceMapDevToolPlugin decidiq-node_modules_date-fns_locale_ar-EG_js.js?v=cb2331b08b68329f8741 attach SourceMap
<s> [webpack.Progress] 92% sealing asset processing SourceMapDevToolPlugin decidiq-node_modules_date-fns_locale_ar-EG_js.js?v=cb2331b08b68329f8741 attached SourceMap
<s> [webpack.Progress] 92% sealing asset processing SourceMapDevToolPlugin decidiq-node_modules_date-fns_locale_ar-MA_js.js?v=686bd73bbfeae2e91313 attach SourceMap
<s> [webpack.Progress] 92% sealing asset processing SourceMapDevToolPlugin decidiq-node_modules_date-fns_locale_ar-MA_js.js?v=686bd73bbfeae2e91313 attached SourceMap
<s> [webpack.Progress] 92% sealing asset processing SourceMapDevToolPlugin decidiq-node_modules_date-fns_locale_ar-SA_js.js?v=0ae4eda45bfb54cc5675 attach SourceMap
<s> [webpack.Progress] 92% sealing asset processing SourceMapDevToolPlugin decidiq-node_modules_date-fns_locale_ar-SA_js.js?v=0ae4eda45bfb54cc5675 attached SourceMap
<s> [webpack.Progress] 92% sealing asset processing SourceMapDevToolPlugin decidiq-node_modules_date-fns_locale_ar-TN_js.js?v=4e64a2d3fffaf9baa357 attach SourceMap
<s> [webpack.Progress] 92% sealing asset processing SourceMapDevToolPlugin decidiq-node_modules_date-fns_locale_ar-TN_js.js?v=4e64a2d3fffaf9baa357 attached SourceMap
<s> [webpack.Progress] 92% sealing asset processing SourceMapDevToolPlugin decidiq-node_modules_date-fns_locale_ar_js.js?v=26b644611d3aa3b0666d attach SourceMap
<s> [webpack.Progress] 92% sealing asset processing SourceMapDevToolPlugin decidiq-node_modules_date-fns_locale_ar_js.js?v=26b644611d3aa3b0666d attached SourceMap
<s> [webpack.Progress] 92% sealing asset processing SourceMapDevToolPlugin decidiq-node_modules_date-fns_locale_az_js.js?v=cd7fc9e207c14910723d attach SourceMap
<s> [webpack.Progress] 92% sealing asset processing SourceMapDevToolPlugin decidiq-node_modules_date-fns_locale_az_js.js?v=cd7fc9e207c14910723d attached SourceMap
<s> [webpack.Progress] 92% sealing asset processing SourceMapDevToolPlugin decidiq-vendors-node_modules_date-fns_locale_be-tarask_js.js?v=10b779a8b5f9629db3de attach SourceMap
<s> [webpack.Progress] 92% sealing asset processing SourceMapDevToolPlugin decidiq-vendors-node_modules_date-fns_locale_be-tarask_js.js?v=10b779a8b5f9629db3de attached SourceMap
<s> [webpack.Progress] 92% sealing asset processing SourceMapDevToolPlugin decidiq-vendors-node_modules_date-fns_locale_be_js.js?v=06e245c74037ce190a36 attach SourceMap
<s> [webpack.Progress] 92% sealing asset processing SourceMapDevToolPlugin decidiq-vendors-node_modules_date-fns_locale_be_js.js?v=06e245c74037ce190a36 attached SourceMap
<s> [webpack.Progress] 92% sealing asset processing SourceMapDevToolPlugin decidiq-node_modules_date-fns_locale_bg_js.js?v=a187d0690f9e9d9b3451 attach SourceMap
<s> [webpack.Progress] 92% sealing asset processing SourceMapDevToolPlugin decidiq-node_modules_date-fns_locale_bg_js.js?v=a187d0690f9e9d9b3451 attached SourceMap
<s> [webpack.Progress] 92% sealing asset processing SourceMapDevToolPlugin decidiq-node_modules_date-fns_locale_bn_js.js?v=fa35b018a20fbd250562 attach SourceMap
<s> [webpack.Progress] 92% sealing asset processing SourceMapDevToolPlugin decidiq-node_modules_date-fns_locale_bn_js.js?v=fa35b018a20fbd250562 attached SourceMap
<s> [webpack.Progress] 92% sealing asset processing SourceMapDevToolPlugin decidiq-node_modules_date-fns_locale_bs_js.js?v=83796968065799f1fc5a attach SourceMap
<s> [webpack.Progress] 92% sealing asset processing SourceMapDevToolPlugin decidiq-node_modules_date-fns_locale_bs_js.js?v=83796968065799f1fc5a attached SourceMap
<s> [webpack.Progress] 92% sealing asset processing SourceMapDevToolPlugin decidiq-node_modules_date-fns_locale_ca_js.js?v=e66c7e77c064aeee07ff attach SourceMap
<s> [webpack.Progress] 92% sealing asset processing SourceMapDevToolPlugin decidiq-node_modules_date-fns_locale_ca_js.js?v=e66c7e77c064aeee07ff attached SourceMap
<s> [webpack.Progress] 92% sealing asset processing SourceMapDevToolPlugin decidiq-node_modules_date-fns_locale_ckb_js.js?v=3dafed326c092bd9c439 attach SourceMap
<s> [webpack.Progress] 92% sealing asset processing SourceMapDevToolPlugin decidiq-node_modules_date-fns_locale_ckb_js.js?v=3dafed326c092bd9c439 attached SourceMap
<s> [webpack.Progress] 92% sealing asset processing SourceMapDevToolPlugin decidiq-node_modules_date-fns_locale_cs_js.js?v=ab1bbb455a4b4c18f952 attach SourceMap
<s> [webpack.Progress] 92% sealing asset processing SourceMapDevToolPlugin decidiq-node_modules_date-fns_locale_cs_js.js?v=ab1bbb455a4b4c18f952 attached SourceMap
<s> [webpack.Progress] 92% sealing asset processing SourceMapDevToolPlugin decidiq-node_modules_date-fns_locale_cy_js.js?v=2bc28d598d4ad4780a2a attach SourceMap
<s> [webpack.Progress] 92% sealing asset processing SourceMapDevToolPlugin decidiq-node_modules_date-fns_locale_cy_js.js?v=2bc28d598d4ad4780a2a attached SourceMap
<s> [webpack.Progress] 92% sealing asset processing SourceMapDevToolPlugin decidiq-node_modules_date-fns_locale_da_js.js?v=0db26350aec53af888ad attach SourceMap
<s> [webpack.Progress] 92% sealing asset processing SourceMapDevToolPlugin decidiq-node_modules_date-fns_locale_da_js.js?v=0db26350aec53af888ad attached SourceMap
<s> [webpack.Progress] 92% sealing asset processing SourceMapDevToolPlugin decidiq-node_modules_date-fns_locale_de-AT_js.js?v=a117252185535345fb84 attach SourceMap
<s> [webpack.Progress] 92% sealing asset processing SourceMapDevToolPlugin decidiq-node_modules_date-fns_locale_de-AT_js.js?v=a117252185535345fb84 attached SourceMap
<s> [webpack.Progress] 92% sealing asset processing SourceMapDevToolPlugin decidiq-node_modules_date-fns_locale_de_js.js?v=4abf38a72390cb15d407 attach SourceMap
<s> [webpack.Progress] 92% sealing asset processing SourceMapDevToolPlugin decidiq-node_modules_date-fns_locale_de_js.js?v=4abf38a72390cb15d407 attached SourceMap
<s> [webpack.Progress] 92% sealing asset processing SourceMapDevToolPlugin decidiq-node_modules_date-fns_locale_el_js.js?v=ff0ede7cd1f5fbd74339 attach SourceMap
<s> [webpack.Progress] 92% sealing asset processing SourceMapDevToolPlugin decidiq-node_modules_date-fns_locale_el_js.js?v=ff0ede7cd1f5fbd74339 attached SourceMap
<s> [webpack.Progress] 92% sealing asset processing SourceMapDevToolPlugin decidiq-node_modules_date-fns_locale_en-AU_js.js?v=d19714b7dab6fde6d2ec attach SourceMap
<s> [webpack.Progress] 92% sealing asset processing SourceMapDevToolPlugin decidiq-node_modules_date-fns_locale_en-AU_js.js?v=d19714b7dab6fde6d2ec attached SourceMap
<s> [webpack.Progress] 92% sealing asset processing SourceMapDevToolPlugin decidiq-node_modules_date-fns_locale_en-CA_js.js?v=d5d98c84fa7dfb65521e attach SourceMap
<s> [webpack.Progress] 92% sealing asset processing SourceMapDevToolPlugin decidiq-node_modules_date-fns_locale_en-CA_js.js?v=d5d98c84fa7dfb65521e attached SourceMap
<s> [webpack.Progress] 92% sealing asset processing SourceMapDevToolPlugin decidiq-node_modules_date-fns_locale_en-GB_js.js?v=a9096ef9a7975411febd attach SourceMap
<s> [webpack.Progress] 92% sealing asset processing SourceMapDevToolPlugin decidiq-node_modules_date-fns_locale_en-GB_js.js?v=a9096ef9a7975411febd attached SourceMap
<s> [webpack.Progress] 92% sealing asset processing SourceMapDevToolPlugin decidiq-node_modules_date-fns_locale_en-IE_js.js?v=ee6f41b4872aea4e3c85 attach SourceMap
<s> [webpack.Progress] 92% sealing asset processing SourceMapDevToolPlugin decidiq-node_modules_date-fns_locale_en-IE_js.js?v=ee6f41b4872aea4e3c85 attached SourceMap
<s> [webpack.Progress] 92% sealing asset processing SourceMapDevToolPlugin decidiq-node_modules_date-fns_locale_en-IN_js.js?v=88c3b1473b7a81e82462 attach SourceMap
<s> [webpack.Progress] 92% sealing asset processing SourceMapDevToolPlugin decidiq-node_modules_date-fns_locale_en-IN_js.js?v=88c3b1473b7a81e82462 attached SourceMap
<s> [webpack.Progress] 92% sealing asset processing SourceMapDevToolPlugin decidiq-node_modules_date-fns_locale_en-NZ_js.js?v=3d99f1ea00cd0bf75762 attach SourceMap
<s> [webpack.Progress] 92% sealing asset processing SourceMapDevToolPlugin decidiq-node_modules_date-fns_locale_en-NZ_js.js?v=3d99f1ea00cd0bf75762 attached SourceMap
<s> [webpack.Progress] 92% sealing asset processing SourceMapDevToolPlugin decidiq-node_modules_date-fns_locale_en-ZA_js.js?v=59128700046236735dd4 attach SourceMap
<s> [webpack.Progress] 92% sealing asset processing SourceMapDevToolPlugin decidiq-node_modules_date-fns_locale_en-ZA_js.js?v=59128700046236735dd4 attached SourceMap
<s> [webpack.Progress] 92% sealing asset processing SourceMapDevToolPlugin decidiq-node_modules_date-fns_locale_eo_js.js?v=c49749a7a767a9ec1fd4 attach SourceMap
<s> [webpack.Progress] 92% sealing asset processing SourceMapDevToolPlugin decidiq-node_modules_date-fns_locale_eo_js.js?v=c49749a7a767a9ec1fd4 attached SourceMap
<s> [webpack.Progress] 92% sealing asset processing SourceMapDevToolPlugin decidiq-node_modules_date-fns_locale_es_js.js?v=5ee4cbac27101f5e44c5 attach SourceMap
<s> [webpack.Progress] 92% sealing asset processing SourceMapDevToolPlugin decidiq-node_modules_date-fns_locale_es_js.js?v=5ee4cbac27101f5e44c5 attached SourceMap
<s> [webpack.Progress] 92% sealing asset processing SourceMapDevToolPlugin decidiq-node_modules_date-fns_locale_et_js.js?v=195c1bd32732fec25802 attach SourceMap
<s> [webpack.Progress] 92% sealing asset processing SourceMapDevToolPlugin decidiq-node_modules_date-fns_locale_et_js.js?v=195c1bd32732fec25802 attached SourceMap
<s> [webpack.Progress] 92% sealing asset processing SourceMapDevToolPlugin decidiq-node_modules_date-fns_locale_eu_js.js?v=02195baccc1e977004ce attach SourceMap
<s> [webpack.Progress] 92% sealing asset processing SourceMapDevToolPlugin decidiq-node_modules_date-fns_locale_eu_js.js?v=02195baccc1e977004ce attached SourceMap
<s> [webpack.Progress] 92% sealing asset processing SourceMapDevToolPlugin decidiq-node_modules_date-fns_locale_fa-IR_js.js?v=c2d147be1f56e34ea2b2 attach SourceMap
<s> [webpack.Progress] 92% sealing asset processing SourceMapDevToolPlugin decidiq-node_modules_date-fns_locale_fa-IR_js.js?v=c2d147be1f56e34ea2b2 attached SourceMap
<s> [webpack.Progress] 92% sealing asset processing SourceMapDevToolPlugin decidiq-node_modules_date-fns_locale_fi_js.js?v=65923b54fef07935a605 attach SourceMap
<s> [webpack.Progress] 92% sealing asset processing SourceMapDevToolPlugin decidiq-node_modules_date-fns_locale_fi_js.js?v=65923b54fef07935a605 attached SourceMap
<s> [webpack.Progress] 92% sealing asset processing SourceMapDevToolPlugin decidiq-node_modules_date-fns_locale_fr-CA_js.js?v=ee0ccfac761cc1053595 attach SourceMap
<s> [webpack.Progress] 92% sealing asset processing SourceMapDevToolPlugin decidiq-node_modules_date-fns_locale_fr-CA_js.js?v=ee0ccfac761cc1053595 attached SourceMap
<s> [webpack.Progress] 92% sealing asset processing SourceMapDevToolPlugin decidiq-node_modules_date-fns_locale_fr-CH_js.js?v=4183adcd55719f07b120 attach SourceMap
<s> [webpack.Progress] 92% sealing asset processing SourceMapDevToolPlugin decidiq-node_modules_date-fns_locale_fr-CH_js.js?v=4183adcd55719f07b120 attached SourceMap
<s> [webpack.Progress] 92% sealing asset processing SourceMapDevToolPlugin decidiq-node_modules_date-fns_locale_fr_js.js?v=a3879ad91d114d407235 attach SourceMap
<s> [webpack.Progress] 92% sealing asset processing SourceMapDevToolPlugin decidiq-node_modules_date-fns_locale_fr_js.js?v=a3879ad91d114d407235 attached SourceMap
<s> [webpack.Progress] 92% sealing asset processing SourceMapDevToolPlugin decidiq-node_modules_date-fns_locale_fy_js.js?v=73332d87aab3c1a69771 attach SourceMap
<s> [webpack.Progress] 92% sealing asset processing SourceMapDevToolPlugin decidiq-node_modules_date-fns_locale_fy_js.js?v=73332d87aab3c1a69771 attached SourceMap
<s> [webpack.Progress] 92% sealing asset processing SourceMapDevToolPlugin decidiq-node_modules_date-fns_locale_gd_js.js?v=2d712f346733d0bfd4e2 attach SourceMap
<s> [webpack.Progress] 92% sealing asset processing SourceMapDevToolPlugin decidiq-node_modules_date-fns_locale_gd_js.js?v=2d712f346733d0bfd4e2 attached SourceMap
<s> [webpack.Progress] 92% sealing asset processing SourceMapDevToolPlugin decidiq-node_modules_date-fns_locale_gl_js.js?v=be30dd0e6a53388ad3d4 attach SourceMap
<s> [webpack.Progress] 92% sealing asset processing SourceMapDevToolPlugin decidiq-node_modules_date-fns_locale_gl_js.js?v=be30dd0e6a53388ad3d4 attached SourceMap
<s> [webpack.Progress] 92% sealing asset processing SourceMapDevToolPlugin decidiq-node_modules_date-fns_locale_gu_js.js?v=742cf461261199676d46 attach SourceMap
<s> [webpack.Progress] 92% sealing asset processing SourceMapDevToolPlugin decidiq-node_modules_date-fns_locale_gu_js.js?v=742cf461261199676d46 attached SourceMap
<s> [webpack.Progress] 92% sealing asset processing SourceMapDevToolPlugin decidiq-node_modules_date-fns_locale_he_js.js?v=893f4ec15e3ba322b6d4 attach SourceMap
<s> [webpack.Progress] 92% sealing asset processing SourceMapDevToolPlugin decidiq-node_modules_date-fns_locale_he_js.js?v=893f4ec15e3ba322b6d4 attached SourceMap
<s> [webpack.Progress] 92% sealing asset processing SourceMapDevToolPlugin decidiq-node_modules_date-fns_locale_hi_js.js?v=207a2796eb5f90a854c5 attach SourceMap
<s> [webpack.Progress] 92% sealing asset processing SourceMapDevToolPlugin decidiq-node_modules_date-fns_locale_hi_js.js?v=207a2796eb5f90a854c5 attached SourceMap
<s> [webpack.Progress] 92% sealing asset processing SourceMapDevToolPlugin decidiq-node_modules_date-fns_locale_hr_js.js?v=03d6ad246d7185633c31 attach SourceMap
<s> [webpack.Progress] 92% sealing asset processing SourceMapDevToolPlugin decidiq-node_modules_date-fns_locale_hr_js.js?v=03d6ad246d7185633c31 attached SourceMap
<s> [webpack.Progress] 92% sealing asset processing SourceMapDevToolPlugin decidiq-node_modules_date-fns_locale_ht_js.js?v=c28a1fd2889f3a5fed39 attach SourceMap
<s> [webpack.Progress] 92% sealing asset processing SourceMapDevToolPlugin decidiq-node_modules_date-fns_locale_ht_js.js?v=c28a1fd2889f3a5fed39 attached SourceMap
<s> [webpack.Progress] 92% sealing asset processing SourceMapDevToolPlugin decidiq-node_modules_date-fns_locale_hu_js.js?v=f4afd50cea3738483aa4 attach SourceMap
<s> [webpack.Progress] 92% sealing asset processing SourceMapDevToolPlugin decidiq-node_modules_date-fns_locale_hu_js.js?v=f4afd50cea3738483aa4 attached SourceMap
<s> [webpack.Progress] 92% sealing asset processing SourceMapDevToolPlugin decidiq-node_modules_date-fns_locale_hy_js.js?v=1faa53ef3f8f85886bc4 attach SourceMap
<s> [webpack.Progress] 92% sealing asset processing SourceMapDevToolPlugin decidiq-node_modules_date-fns_locale_hy_js.js?v=1faa53ef3f8f85886bc4 attached SourceMap
<s> [webpack.Progress] 92% sealing asset processing SourceMapDevToolPlugin decidiq-node_modules_date-fns_locale_id_js.js?v=440d36d81348d47248ab attach SourceMap
<s> [webpack.Progress] 92% sealing asset processing SourceMapDevToolPlugin decidiq-node_modules_date-fns_locale_id_js.js?v=440d36d81348d47248ab attached SourceMap
<s> [webpack.Progress] 92% sealing asset processing SourceMapDevToolPlugin decidiq-node_modules_date-fns_locale_is_js.js?v=e56cd5c6fbdaf7c99479 attach SourceMap
<s> [webpack.Progress] 92% sealing asset processing SourceMapDevToolPlugin decidiq-node_modules_date-fns_locale_is_js.js?v=e56cd5c6fbdaf7c99479 attached SourceMap
<s> [webpack.Progress] 92% sealing asset processing SourceMapDevToolPlugin decidiq-node_modules_date-fns_locale_it-CH_js.js?v=ac184c14486a7649ef1e attach SourceMap
<s> [webpack.Progress] 92% sealing asset processing SourceMapDevToolPlugin decidiq-node_modules_date-fns_locale_it-CH_js.js?v=ac184c14486a7649ef1e attached SourceMap
<s> [webpack.Progress] 92% sealing asset processing SourceMapDevToolPlugin decidiq-node_modules_date-fns_locale_it_js.js?v=afa77709d0ad109db55e attach SourceMap
<s> [webpack.Progress] 92% sealing asset processing SourceMapDevToolPlugin decidiq-node_modules_date-fns_locale_it_js.js?v=afa77709d0ad109db55e attached SourceMap
<s> [webpack.Progress] 92% sealing asset processing SourceMapDevToolPlugin decidiq-node_modules_date-fns_locale_ja-Hira_js.js?v=1fbb2b0b02513bd9aa5f attach SourceMap
<s> [webpack.Progress] 92% sealing asset processing SourceMapDevToolPlugin decidiq-node_modules_date-fns_locale_ja-Hira_js.js?v=1fbb2b0b02513bd9aa5f attached SourceMap
<s> [webpack.Progress] 92% sealing asset processing SourceMapDevToolPlugin decidiq-node_modules_date-fns_locale_ja_js.js?v=d00f264a809ad1b487dc attach SourceMap
<s> [webpack.Progress] 92% sealing asset processing SourceMapDevToolPlugin decidiq-node_modules_date-fns_locale_ja_js.js?v=d00f264a809ad1b487dc attached SourceMap
<s> [webpack.Progress] 92% sealing asset processing SourceMapDevToolPlugin decidiq-node_modules_date-fns_locale_ka_js.js?v=a57fdf94aeaa523f12c6 attach SourceMap
<s> [webpack.Progress] 92% sealing asset processing SourceMapDevToolPlugin decidiq-node_modules_date-fns_locale_ka_js.js?v=a57fdf94aeaa523f12c6 attached SourceMap
<s> [webpack.Progress] 92% sealing asset processing SourceMapDevToolPlugin decidiq-node_modules_date-fns_locale_kk_js.js?v=b3bb566a45c39f269a3f attach SourceMap
<s> [webpack.Progress] 92% sealing asset processing SourceMapDevToolPlugin decidiq-node_modules_date-fns_locale_kk_js.js?v=b3bb566a45c39f269a3f attached SourceMap
<s> [webpack.Progress] 92% sealing asset processing SourceMapDevToolPlugin decidiq-node_modules_date-fns_locale_km_js.js?v=293556050c8daed1d885 attach SourceMap
<s> [webpack.Progress] 92% sealing asset processing SourceMapDevToolPlugin decidiq-node_modules_date-fns_locale_km_js.js?v=293556050c8daed1d885 attached SourceMap
<s> [webpack.Progress] 92% sealing asset processing SourceMapDevToolPlugin decidiq-node_modules_date-fns_locale_kn_js.js?v=99616c1e03ab71b122c8 attach SourceMap
<s> [webpack.Progress] 92% sealing asset processing SourceMapDevToolPlugin decidiq-node_modules_date-fns_locale_kn_js.js?v=99616c1e03ab71b122c8 attached SourceMap
<s> [webpack.Progress] 92% sealing asset processing SourceMapDevToolPlugin decidiq-node_modules_date-fns_locale_ko_js.js?v=a13fddd3f44021f84be6 attach SourceMap
<s> [webpack.Progress] 92% sealing asset processing SourceMapDevToolPlugin decidiq-node_modules_date-fns_locale_ko_js.js?v=a13fddd3f44021f84be6 attached SourceMap
<s> [webpack.Progress] 92% sealing asset processing SourceMapDevToolPlugin decidiq-node_modules_date-fns_locale_lb_js.js?v=7aa950d4fd7ba2cd6cf9 attach SourceMap
<s> [webpack.Progress] 92% sealing asset processing SourceMapDevToolPlugin decidiq-node_modules_date-fns_locale_lb_js.js?v=7aa950d4fd7ba2cd6cf9 attached SourceMap
<s> [webpack.Progress] 92% sealing asset processing SourceMapDevToolPlugin decidiq-node_modules_date-fns_locale_lt_js.js?v=c7e3f5de04d91b037db0 attach SourceMap
<s> [webpack.Progress] 92% sealing asset processing SourceMapDevToolPlugin decidiq-node_modules_date-fns_locale_lt_js.js?v=c7e3f5de04d91b037db0 attached SourceMap
<s> [webpack.Progress] 92% sealing asset processing SourceMapDevToolPlugin decidiq-node_modules_date-fns_locale_lv_js.js?v=e6dcdf3f05cd860adda2 attach SourceMap
<s> [webpack.Progress] 92% sealing asset processing SourceMapDevToolPlugin decidiq-node_modules_date-fns_locale_lv_js.js?v=e6dcdf3f05cd860adda2 attached SourceMap
<s> [webpack.Progress] 92% sealing asset processing SourceMapDevToolPlugin decidiq-node_modules_date-fns_locale_mk_js.js?v=f889b031a2036247b754 attach SourceMap
<s> [webpack.Progress] 92% sealing asset processing SourceMapDevToolPlugin decidiq-node_modules_date-fns_locale_mk_js.js?v=f889b031a2036247b754 attached SourceMap
<s> [webpack.Progress] 92% sealing asset processing SourceMapDevToolPlugin decidiq-node_modules_date-fns_locale_mn_js.js?v=36088281716caac6fba2 attach SourceMap
<s> [webpack.Progress] 92% sealing asset processing SourceMapDevToolPlugin decidiq-node_modules_date-fns_locale_mn_js.js?v=36088281716caac6fba2 attached SourceMap
<s> [webpack.Progress] 92% sealing asset processing SourceMapDevToolPlugin decidiq-node_modules_date-fns_locale_ms_js.js?v=9c14a3ee443eba12d147 attach SourceMap
<s> [webpack.Progress] 92% sealing asset processing SourceMapDevToolPlugin decidiq-node_modules_date-fns_locale_ms_js.js?v=9c14a3ee443eba12d147 attached SourceMap
<s> [webpack.Progress] 92% sealing asset processing SourceMapDevToolPlugin decidiq-node_modules_date-fns_locale_mt_js.js?v=62ea61d1bbad28f078dd attach SourceMap
<s> [webpack.Progress] 92% sealing asset processing SourceMapDevToolPlugin decidiq-node_modules_date-fns_locale_mt_js.js?v=62ea61d1bbad28f078dd attached SourceMap
<s> [webpack.Progress] 92% sealing asset processing SourceMapDevToolPlugin decidiq-node_modules_date-fns_locale_nb_js.js?v=a8a7b6307b5211bcf7d1 attach SourceMap
<s> [webpack.Progress] 92% sealing asset processing SourceMapDevToolPlugin decidiq-node_modules_date-fns_locale_nb_js.js?v=a8a7b6307b5211bcf7d1 attached SourceMap
<s> [webpack.Progress] 92% sealing asset processing SourceMapDevToolPlugin decidiq-node_modules_date-fns_locale_nl-BE_js.js?v=705c2ba961f0e232f7ce attach SourceMap
<s> [webpack.Progress] 92% sealing asset processing SourceMapDevToolPlugin decidiq-node_modules_date-fns_locale_nl-BE_js.js?v=705c2ba961f0e232f7ce attached SourceMap
<s> [webpack.Progress] 92% sealing asset processing SourceMapDevToolPlugin decidiq-node_modules_date-fns_locale_nl_js.js?v=df9c92cdd791065b647b attach SourceMap
<s> [webpack.Progress] 92% sealing asset processing SourceMapDevToolPlugin decidiq-node_modules_date-fns_locale_nl_js.js?v=df9c92cdd791065b647b attached SourceMap
<s> [webpack.Progress] 92% sealing asset processing SourceMapDevToolPlugin decidiq-node_modules_date-fns_locale_nn_js.js?v=3df10f1d1c4ec00aa21e attach SourceMap
<s> [webpack.Progress] 92% sealing asset processing SourceMapDevToolPlugin decidiq-node_modules_date-fns_locale_nn_js.js?v=3df10f1d1c4ec00aa21e attached SourceMap
<s> [webpack.Progress] 92% sealing asset processing SourceMapDevToolPlugin decidiq-node_modules_date-fns_locale_oc_js.js?v=56abc5947bee03c0b40f attach SourceMap
<s> [webpack.Progress] 92% sealing asset processing SourceMapDevToolPlugin decidiq-node_modules_date-fns_locale_oc_js.js?v=56abc5947bee03c0b40f attached SourceMap
<s> [webpack.Progress] 92% sealing asset processing SourceMapDevToolPlugin decidiq-node_modules_date-fns_locale_pl_js.js?v=c345dffb3950ed589bd2 attach SourceMap
<s> [webpack.Progress] 92% sealing asset processing SourceMapDevToolPlugin decidiq-node_modules_date-fns_locale_pl_js.js?v=c345dffb3950ed589bd2 attached SourceMap
<s> [webpack.Progress] 92% sealing asset processing SourceMapDevToolPlugin decidiq-node_modules_date-fns_locale_pt-BR_js.js?v=eeebe61a790db1a9ec1e attach SourceMap
<s> [webpack.Progress] 92% sealing asset processing SourceMapDevToolPlugin decidiq-node_modules_date-fns_locale_pt-BR_js.js?v=eeebe61a790db1a9ec1e attached SourceMap
<s> [webpack.Progress] 92% sealing asset processing SourceMapDevToolPlugin decidiq-node_modules_date-fns_locale_pt_js.js?v=5c51fcb0e6a1aced92dc attach SourceMap
<s> [webpack.Progress] 92% sealing asset processing SourceMapDevToolPlugin decidiq-node_modules_date-fns_locale_pt_js.js?v=5c51fcb0e6a1aced92dc attached SourceMap
<s> [webpack.Progress] 92% sealing asset processing SourceMapDevToolPlugin decidiq-node_modules_date-fns_locale_ro_js.js?v=e5f7a4bd5028fe2275c7 attach SourceMap
<s> [webpack.Progress] 92% sealing asset processing SourceMapDevToolPlugin decidiq-node_modules_date-fns_locale_ro_js.js?v=e5f7a4bd5028fe2275c7 attached SourceMap
<s> [webpack.Progress] 92% sealing asset processing SourceMapDevToolPlugin decidiq-node_modules_date-fns_locale_ru_js.js?v=8df6ea3f4931d65a8e0b attach SourceMap
<s> [webpack.Progress] 92% sealing asset processing SourceMapDevToolPlugin decidiq-node_modules_date-fns_locale_ru_js.js?v=8df6ea3f4931d65a8e0b attached SourceMap
<s> [webpack.Progress] 92% sealing asset processing SourceMapDevToolPlugin decidiq-node_modules_date-fns_locale_se_js.js?v=5b421850bfb9cf06ed0d attach SourceMap
<s> [webpack.Progress] 92% sealing asset processing SourceMapDevToolPlugin decidiq-node_modules_date-fns_locale_se_js.js?v=5b421850bfb9cf06ed0d attached SourceMap
<s> [webpack.Progress] 92% sealing asset processing SourceMapDevToolPlugin decidiq-node_modules_date-fns_locale_sk_js.js?v=7bf6433506e73752eb20 attach SourceMap
<s> [webpack.Progress] 92% sealing asset processing SourceMapDevToolPlugin decidiq-node_modules_date-fns_locale_sk_js.js?v=7bf6433506e73752eb20 attached SourceMap
<s> [webpack.Progress] 92% sealing asset processing SourceMapDevToolPlugin decidiq-node_modules_date-fns_locale_sl_js.js?v=5ab6b410c8f50c8f9efa attach SourceMap
<s> [webpack.Progress] 92% sealing asset processing SourceMapDevToolPlugin decidiq-node_modules_date-fns_locale_sl_js.js?v=5ab6b410c8f50c8f9efa attached SourceMap
<s> [webpack.Progress] 92% sealing asset processing SourceMapDevToolPlugin decidiq-node_modules_date-fns_locale_sq_js.js?v=a2747677058ee0bf3b0f attach SourceMap
<s> [webpack.Progress] 92% sealing asset processing SourceMapDevToolPlugin decidiq-node_modules_date-fns_locale_sq_js.js?v=a2747677058ee0bf3b0f attached SourceMap
<s> [webpack.Progress] 92% sealing asset processing SourceMapDevToolPlugin decidiq-node_modules_date-fns_locale_sr-Latn_js.js?v=01368599295cef222b0c attach SourceMap
<s> [webpack.Progress] 92% sealing asset processing SourceMapDevToolPlugin decidiq-node_modules_date-fns_locale_sr-Latn_js.js?v=01368599295cef222b0c attached SourceMap
<s> [webpack.Progress] 92% sealing asset processing SourceMapDevToolPlugin decidiq-node_modules_date-fns_locale_sr_js.js?v=e5a2c412671ffa99a2f9 attach SourceMap
<s> [webpack.Progress] 92% sealing asset processing SourceMapDevToolPlugin decidiq-node_modules_date-fns_locale_sr_js.js?v=e5a2c412671ffa99a2f9 attached SourceMap
<s> [webpack.Progress] 92% sealing asset processing SourceMapDevToolPlugin decidiq-node_modules_date-fns_locale_sv_js.js?v=3514b427c43149d4d5e3 attach SourceMap
<s> [webpack.Progress] 92% sealing asset processing SourceMapDevToolPlugin decidiq-node_modules_date-fns_locale_sv_js.js?v=3514b427c43149d4d5e3 attached SourceMap
<s> [webpack.Progress] 92% sealing asset processing SourceMapDevToolPlugin decidiq-node_modules_date-fns_locale_ta_js.js?v=74794181d96bf26504ef attach SourceMap
<s> [webpack.Progress] 92% sealing asset processing SourceMapDevToolPlugin decidiq-node_modules_date-fns_locale_ta_js.js?v=74794181d96bf26504ef attached SourceMap
<s> [webpack.Progress] 92% sealing asset processing SourceMapDevToolPlugin decidiq-node_modules_date-fns_locale_te_js.js?v=35976bb859830e339949 attach SourceMap
<s> [webpack.Progress] 92% sealing asset processing SourceMapDevToolPlugin decidiq-node_modules_date-fns_locale_te_js.js?v=35976bb859830e339949 attached SourceMap
<s> [webpack.Progress] 92% sealing asset processing SourceMapDevToolPlugin decidiq-node_modules_date-fns_locale_th_js.js?v=fc36013d1ab30e2a170a attach SourceMap
<s> [webpack.Progress] 92% sealing asset processing SourceMapDevToolPlugin decidiq-node_modules_date-fns_locale_th_js.js?v=fc36013d1ab30e2a170a attached SourceMap
<s> [webpack.Progress] 92% sealing asset processing SourceMapDevToolPlugin decidiq-node_modules_date-fns_locale_tr_js.js?v=323013bd209281cb313b attach SourceMap
<s> [webpack.Progress] 92% sealing asset processing SourceMapDevToolPlugin decidiq-node_modules_date-fns_locale_tr_js.js?v=323013bd209281cb313b attached SourceMap
<s> [webpack.Progress] 92% sealing asset processing SourceMapDevToolPlugin decidiq-node_modules_date-fns_locale_ug_js.js?v=b26c068e25654dc97a48 attach SourceMap
<s> [webpack.Progress] 92% sealing asset processing SourceMapDevToolPlugin decidiq-node_modules_date-fns_locale_ug_js.js?v=b26c068e25654dc97a48 attached SourceMap
<s> [webpack.Progress] 92% sealing asset processing SourceMapDevToolPlugin decidiq-vendors-node_modules_date-fns_locale_uk_js.js?v=4818f112f78f264d1edc attach SourceMap
<s> [webpack.Progress] 92% sealing asset processing SourceMapDevToolPlugin decidiq-vendors-node_modules_date-fns_locale_uk_js.js?v=4818f112f78f264d1edc attached SourceMap
<s> [webpack.Progress] 92% sealing asset processing SourceMapDevToolPlugin decidiq-node_modules_date-fns_locale_uz-Cyrl_js.js?v=4351047b9ae42585f952 attach SourceMap
<s> [webpack.Progress] 92% sealing asset processing SourceMapDevToolPlugin decidiq-node_modules_date-fns_locale_uz-Cyrl_js.js?v=4351047b9ae42585f952 attached SourceMap
<s> [webpack.Progress] 92% sealing asset processing SourceMapDevToolPlugin decidiq-node_modules_date-fns_locale_uz_js.js?v=fcd45735c3b97798f8c0 attach SourceMap
<s> [webpack.Progress] 92% sealing asset processing SourceMapDevToolPlugin decidiq-node_modules_date-fns_locale_uz_js.js?v=fcd45735c3b97798f8c0 attached SourceMap
<s> [webpack.Progress] 92% sealing asset processing SourceMapDevToolPlugin decidiq-node_modules_date-fns_locale_vi_js.js?v=0714db2874a32f532656 attach SourceMap
<s> [webpack.Progress] 92% sealing asset processing SourceMapDevToolPlugin decidiq-node_modules_date-fns_locale_vi_js.js?v=0714db2874a32f532656 attached SourceMap
<s> [webpack.Progress] 92% sealing asset processing SourceMapDevToolPlugin decidiq-node_modules_date-fns_locale_zh-CN_js.js?v=e55307975d22aac3d0a3 attach SourceMap
<s> [webpack.Progress] 92% sealing asset processing SourceMapDevToolPlugin decidiq-node_modules_date-fns_locale_zh-CN_js.js?v=e55307975d22aac3d0a3 attached SourceMap
<s> [webpack.Progress] 92% sealing asset processing SourceMapDevToolPlugin decidiq-node_modules_date-fns_locale_zh-HK_js.js?v=a72dd1ab419ac68d5dbb attach SourceMap
<s> [webpack.Progress] 92% sealing asset processing SourceMapDevToolPlugin decidiq-node_modules_date-fns_locale_zh-HK_js.js?v=a72dd1ab419ac68d5dbb attached SourceMap
<s> [webpack.Progress] 92% sealing asset processing SourceMapDevToolPlugin decidiq-node_modules_date-fns_locale_zh-TW_js.js?v=69cf86a38122ba0477cd attach SourceMap
<s> [webpack.Progress] 92% sealing asset processing SourceMapDevToolPlugin decidiq-node_modules_date-fns_locale_zh-TW_js.js?v=69cf86a38122ba0477cd attached SourceMap
<s> [webpack.Progress] 92% sealing asset processing SourceMapDevToolPlugin decidiq-vendors-node_modules_rehype-highlight_index_js.js?v=7b1f56c1d489560789d8 attach SourceMap
<s> [webpack.Progress] 92% sealing asset processing SourceMapDevToolPlugin decidiq-vendors-node_modules_rehype-highlight_index_js.js?v=7b1f56c1d489560789d8 attached SourceMap
<s> [webpack.Progress] 92% sealing asset processing SourceMapDevToolPlugin decidiq-vendors-node_modules_toast-ui_editor_dist_esm_index_js.js?v=ae82c8553cd3f5b34294 attach SourceMap
<s> [webpack.Progress] 92% sealing asset processing SourceMapDevToolPlugin decidiq-vendors-node_modules_toast-ui_editor_dist_esm_index_js.js?v=ae82c8553cd3f5b34294 attached SourceMap
<s> [webpack.Progress] 92% sealing asset processing SourceMapDevToolPlugin decidiq-cn-icons-mdi.js?v=cf93713850a54ac6fb2c attach SourceMap
<s> [webpack.Progress] 92% sealing asset processing SourceMapDevToolPlugin decidiq-cn-icons-mdi.js?v=cf93713850a54ac6fb2c attached SourceMap
<s> [webpack.Progress] 92% sealing asset processing SourceMapDevToolPlugin decidiq-cn-icons-rvo.js?v=e4e6db5ba14a2fa0cd52 attach SourceMap
<s> [webpack.Progress] 92% sealing asset processing SourceMapDevToolPlugin decidiq-cn-icons-rvo.js?v=e4e6db5ba14a2fa0cd52 attached SourceMap
<s> [webpack.Progress] 92% sealing asset processing SourceMapDevToolPlugin decidiq-vendors-node_modules_conduction_nextcloud-vue_dist_esm_node_modules_nextcloud_dialogs_dist_ch-899bef.js?v=01a82abacb8ec91f768f attach SourceMap
<s> [webpack.Progress] 92% sealing asset processing SourceMapDevToolPlugin decidiq-vendors-node_modules_conduction_nextcloud-vue_dist_esm_node_modules_nextcloud_dialogs_dist_ch-899bef.js?v=01a82abacb8ec91f768f attached SourceMap
<s> [webpack.Progress] 92% sealing asset processing SourceMapDevToolPlugin decidiq-vendors-node_modules_conduction_nextcloud-vue_dist_esm_node_modules_nextcloud_dialogs_dist_ch-82cd34.js?v=5607f924bcd1aca04303 attach SourceMap
<s> [webpack.Progress] 92% sealing asset processing SourceMapDevToolPlugin decidiq-vendors-node_modules_conduction_nextcloud-vue_dist_esm_node_modules_nextcloud_dialogs_dist_ch-82cd34.js?v=5607f924bcd1aca04303 attached SourceMap
<s> [webpack.Progress] 92% sealing asset processing SourceMapDevToolPlugin decidiq-node_modules_conduction_nextcloud-vue_dist_esm_node_modules_nextcloud_dialogs_dist_chunks_Pub-1ead8e.js?v=929f3fb47daa0dd34110 attach SourceMap
<s> [webpack.Progress] 92% sealing asset processing SourceMapDevToolPlugin decidiq-node_modules_conduction_nextcloud-vue_dist_esm_node_modules_nextcloud_dialogs_dist_chunks_Pub-1ead8e.js?v=929f3fb47daa0dd34110 attached SourceMap
<s> [webpack.Progress] 92% sealing asset processing SourceMapDevToolPlugin decidiq-node_modules_conduction_nextcloud-vue_dist_esm_utils_evalFormula_js.js?v=396409444653dd0bfab6 attach SourceMap
<s> [webpack.Progress] 92% sealing asset processing SourceMapDevToolPlugin decidiq-node_modules_conduction_nextcloud-vue_dist_esm_utils_evalFormula_js.js?v=396409444653dd0bfab6 attached SourceMap
<s> [webpack.Progress] 92% sealing asset processing SourceMapDevToolPlugin decidiq-vendors-node_modules_conduction_nextcloud-vue_dist_esm_node_modules_leaflet_dist_leaflet-src_js.js?v=957df1b5ea015eaec555 attach SourceMap
<s> [webpack.Progress] 92% sealing asset processing SourceMapDevToolPlugin decidiq-vendors-node_modules_conduction_nextcloud-vue_dist_esm_node_modules_leaflet_dist_leaflet-src_js.js?v=957df1b5ea015eaec555 attached SourceMap
<s> [webpack.Progress] 92% sealing asset processing SourceMapDevToolPlugin decidiq-node_modules_conduction_nextcloud-vue_dist_esm_components_CnMapPage_CnMapPage_vue_js.js?v=b3161de3440a4376a43c attach SourceMap
<s> [webpack.Progress] 92% sealing asset processing SourceMapDevToolPlugin decidiq-node_modules_conduction_nextcloud-vue_dist_esm_components_CnMapPage_CnMapPage_vue_js.js?v=b3161de3440a4376a43c attached SourceMap
<s> [webpack.Progress] 92% sealing asset processing SourceMapDevToolPlugin decidiq-node_modules_conduction_nextcloud-vue_dist_esm_components_CnWikiPage_CnWikiPage_vue_js.js?v=403291246de99f3a8d18 attach SourceMap
<s> [webpack.Progress] 92% sealing asset processing SourceMapDevToolPlugin decidiq-node_modules_conduction_nextcloud-vue_dist_esm_components_CnWikiPage_CnWikiPage_vue_js.js?v=403291246de99f3a8d18 attached SourceMap
<s> [webpack.Progress] 92% sealing asset processing SourceMapDevToolPlugin decidiq-src_components_widgets_ConfidentialityStatusTimelineWidget_vue.js?v=3fb00147309aa87cb844 attach SourceMap
<s> [webpack.Progress] 92% sealing asset processing SourceMapDevToolPlugin decidiq-src_components_widgets_ConfidentialityStatusTimelineWidget_vue.js?v=3fb00147309aa87cb844 attached SourceMap
<s> [webpack.Progress] 92% sealing asset processing SourceMapDevToolPlugin decidiq-src_components_widgets_DelegationChainWidget_vue.js?v=7cbe2487ba561e694818 attach SourceMap
<s> [webpack.Progress] 92% sealing asset processing SourceMapDevToolPlugin decidiq-src_components_widgets_DelegationChainWidget_vue.js?v=7cbe2487ba561e694818 attached SourceMap
<s> [webpack.Progress] 92% sealing asset processing SourceMapDevToolPlugin decidiq-src_components_widgets_RegisterVersionTimelineWidget_vue.js?v=be7848e480a2bb79974c attach SourceMap
<s> [webpack.Progress] 92% sealing asset processing SourceMapDevToolPlugin decidiq-src_components_widgets_RegisterVersionTimelineWidget_vue.js?v=be7848e480a2bb79974c attached SourceMap
<s> [webpack.Progress] 92% sealing asset processing SourceMapDevToolPlugin decidiq-vendors-node_modules_nextcloud_dialogs_dist_chunks_ConflictPicker_mjs-node_modules_typescript-406ecb.js?v=c832c9b9501e405e30bb attach SourceMap
<s> [webpack.Progress] 92% sealing asset processing SourceMapDevToolPlugin decidiq-vendors-node_modules_nextcloud_dialogs_dist_chunks_ConflictPicker_mjs-node_modules_typescript-406ecb.js?v=c832c9b9501e405e30bb attached SourceMap
<s> [webpack.Progress] 92% sealing asset processing SourceMapDevToolPlugin decidiq-vendors-node_modules_nextcloud_dialogs_dist_chunks_FilePicker_mjs.js?v=f7f646857663d3c9d3bd attach SourceMap
<s> [webpack.Progress] 92% sealing asset processing SourceMapDevToolPlugin decidiq-vendors-node_modules_nextcloud_dialogs_dist_chunks_FilePicker_mjs.js?v=f7f646857663d3c9d3bd attached SourceMap
<s> [webpack.Progress] 92% sealing asset processing SourceMapDevToolPlugin decidiq-node_modules_nextcloud_dialogs_dist_chunks_PublicAuthPrompt_mjs-node_modules_typescript-event-6fb9de.js?v=ad4a02978b665ea9d4c4 attach SourceMap
<s> [webpack.Progress] 92% sealing asset processing SourceMapDevToolPlugin decidiq-node_modules_nextcloud_dialogs_dist_chunks_PublicAuthPrompt_mjs-node_modules_typescript-event-6fb9de.js?v=ad4a02978b665ea9d4c4 attached SourceMap
<s> [webpack.Progress] 92% sealing asset processing SourceMapDevToolPlugin decidiq-vendors-node_modules_typescript-event-target_dist_index_mjs-node_modules_webdav_dist_web_index_js.js?v=23cf6954a0d5ef1eb632 attach SourceMap
<s> [webpack.Progress] 92% sealing asset processing SourceMapDevToolPlugin decidiq-vendors-node_modules_typescript-event-target_dist_index_mjs-node_modules_webdav_dist_web_index_js.js?v=23cf6954a0d5ef1eb632 attached SourceMap
<s> [webpack.Progress] 92% sealing asset processing SourceMapDevToolPlugin decidiq-vendors-node_modules_conduction_nextcloud-vue_dist_esm_node_modules_nextcloud_dialogs_dist_ch-eabf4e.js?v=91f02cbd3e995d64a483 attach SourceMap
<s> [webpack.Progress] 92% sealing asset processing SourceMapDevToolPlugin decidiq-vendors-node_modules_conduction_nextcloud-vue_dist_esm_node_modules_nextcloud_dialogs_dist_ch-eabf4e.js?v=91f02cbd3e995d64a483 attached SourceMap
<s> [webpack.Progress] 92% sealing asset processing SourceMapDevToolPlugin decidiq-vendors-node_modules_nextcloud_dialogs_node_modules_nextcloud_files_dist_index_mjs.js?v=def197781c1cc3497614 attach SourceMap
<s> [webpack.Progress] 92% sealing asset processing SourceMapDevToolPlugin decidiq-vendors-node_modules_nextcloud_dialogs_node_modules_nextcloud_files_dist_index_mjs.js?v=def197781c1cc3497614 attached SourceMap
<s> [webpack.Progress] 92% sealing asset processing SourceMapDevToolPlugin decidiq-vendors-node_modules_conduction_nextcloud-vue_dist_esm_node_modules_nextcloud_dialogs_dist_ch-37cc38.js?v=3d738cdfaf1668fba191 attach SourceMap
<s> [webpack.Progress] 92% sealing asset processing SourceMapDevToolPlugin decidiq-vendors-node_modules_conduction_nextcloud-vue_dist_esm_node_modules_nextcloud_dialogs_dist_ch-37cc38.js?v=3d738cdfaf1668fba191 attached SourceMap
<s> [webpack.Progress] 92% sealing asset processing SourceMapDevToolPlugin decidiq-vendors-node_modules_toast-ui_editor_dist_toastui-editor_css.js?v=108519638400d0d089c9 attach SourceMap
<s> [webpack.Progress] 92% sealing asset processing SourceMapDevToolPlugin decidiq-vendors-node_modules_toast-ui_editor_dist_toastui-editor_css.js?v=108519638400d0d089c9 attached SourceMap
<s> [webpack.Progress] 92% sealing asset processing SourceMapDevToolPlugin
<s> [webpack.Progress] 92% sealing asset processing SourceMapDevToolPlugin
<s> [webpack.Progress] 92% sealing asset processing SourceMapDevToolPlugin resolve sources
<s> [webpack.Progress] 92% sealing asset processing SourceMapDevToolPlugin
<s> [webpack.Progress] 92% sealing asset processing RealContentHashPlugin
<s> [webpack.Progress] 92% sealing asset processing RealContentHashPlugin
<s> [webpack.Progress] 92% sealing asset processing RealContentHashPlugin decidiq-node_modules_nextcloud_vue_dist_components_NcColorPicker_index_mjs.js?v=6404d18c916705409501 generate SourceMap
<s> [webpack.Progress] 92% sealing asset processing RealContentHashPlugin decidiq-node_modules_nextcloud_vue_dist_components_NcColorPicker_index_mjs.js?v=6404d18c916705409501 generated SourceMap
<s> [webpack.Progress] 92% sealing asset processing RealContentHashPlugin decidiq-node_modules_nextcloud_vue_dist_components_NcDateTimePicker_index_mjs.js?v=788b37036de152e13f3b generate SourceMap
<s> [webpack.Progress] 92% sealing asset processing RealContentHashPlugin decidiq-node_modules_nextcloud_vue_dist_components_NcDateTimePicker_index_mjs.js?v=788b37036de152e13f3b generated SourceMap
<s> [webpack.Progress] 92% sealing asset processing RealContentHashPlugin decidiq-node_modules_nextcloud_vue_dist_components_NcSelect_index_mjs.js?v=436de4dd4b577f0ab359 generate SourceMap
<s> [webpack.Progress] 92% sealing asset processing RealContentHashPlugin decidiq-node_modules_nextcloud_vue_dist_components_NcSelect_index_mjs.js?v=436de4dd4b577f0ab359 generated SourceMap
<s> [webpack.Progress] 92% sealing asset processing RealContentHashPlugin decidiq-data_image_png_base64_iVBORw0KGgoAAAANSUhEUgAAA6QAAAEkCAYAAAA4kPwsAAAAAXNSR0IArs4c6QAAQABJREF-bc006b.js?v=b9643288312a52ad982d generate SourceMap
<s> [webpack.Progress] 92% sealing asset processing RealContentHashPlugin decidiq-data_image_png_base64_iVBORw0KGgoAAAANSUhEUgAAA6QAAAEkCAYAAAA4kPwsAAAAAXNSR0IArs4c6QAAQABJREF-bc006b.js?v=b9643288312a52ad982d generated SourceMap
<s> [webpack.Progress] 92% sealing asset processing RealContentHashPlugin decidiq-node_modules_conduction_nextcloud-vue_dist_esm_node_modules_nextcloud_dialogs_dist_index_js.js?v=d48a6a25ed2dc06c2724 generate SourceMap
<s> [webpack.Progress] 92% sealing asset processing RealContentHashPlugin decidiq-node_modules_conduction_nextcloud-vue_dist_esm_node_modules_nextcloud_dialogs_dist_index_js.js?v=d48a6a25ed2dc06c2724 generated SourceMap
<s> [webpack.Progress] 92% sealing asset processing RealContentHashPlugin decidiq-node_modules_date-fns_locale_af_js.js?v=e406a0bee20e158d1b6a generate SourceMap
<s> [webpack.Progress] 92% sealing asset processing RealContentHashPlugin decidiq-node_modules_date-fns_locale_af_js.js?v=e406a0bee20e158d1b6a generated SourceMap
<s> [webpack.Progress] 92% sealing asset processing RealContentHashPlugin decidiq-node_modules_date-fns_locale_ar-DZ_js.js?v=148f5d8fb79cc1aaad82 generate SourceMap
<s> [webpack.Progress] 92% sealing asset processing RealContentHashPlugin decidiq-node_modules_date-fns_locale_ar-DZ_js.js?v=148f5d8fb79cc1aaad82 generated SourceMap
<s> [webpack.Progress] 92% sealing asset processing RealContentHashPlugin decidiq-node_modules_date-fns_locale_ar-EG_js.js?v=26801c0de0bb3ee744c7 generate SourceMap
<s> [webpack.Progress] 92% sealing asset processing RealContentHashPlugin decidiq-node_modules_date-fns_locale_ar-EG_js.js?v=26801c0de0bb3ee744c7 generated SourceMap
<s> [webpack.Progress] 92% sealing asset processing RealContentHashPlugin decidiq-node_modules_date-fns_locale_ar-MA_js.js?v=74ba91a5111ad8f836d8 generate SourceMap
<s> [webpack.Progress] 92% sealing asset processing RealContentHashPlugin decidiq-node_modules_date-fns_locale_ar-MA_js.js?v=74ba91a5111ad8f836d8 generated SourceMap
<s> [webpack.Progress] 92% sealing asset processing RealContentHashPlugin decidiq-node_modules_date-fns_locale_ar-SA_js.js?v=9ed91d1a168e5ff65421 generate SourceMap
<s> [webpack.Progress] 92% sealing asset processing RealContentHashPlugin decidiq-node_modules_date-fns_locale_ar-SA_js.js?v=9ed91d1a168e5ff65421 generated SourceMap
<s> [webpack.Progress] 92% sealing asset processing RealContentHashPlugin decidiq-node_modules_date-fns_locale_ar-TN_js.js?v=dabc55d142b949d732ef generate SourceMap
<s> [webpack.Progress] 92% sealing asset processing RealContentHashPlugin decidiq-node_modules_date-fns_locale_ar-TN_js.js?v=dabc55d142b949d732ef generated SourceMap
<s> [webpack.Progress] 92% sealing asset processing RealContentHashPlugin decidiq-node_modules_date-fns_locale_ar_js.js?v=0676697982ea12a19307 generate SourceMap
<s> [webpack.Progress] 92% sealing asset processing RealContentHashPlugin decidiq-node_modules_date-fns_locale_ar_js.js?v=0676697982ea12a19307 generated SourceMap
<s> [webpack.Progress] 92% sealing asset processing RealContentHashPlugin decidiq-node_modules_date-fns_locale_az_js.js?v=08547e9208ec6c28d3a1 generate SourceMap
<s> [webpack.Progress] 92% sealing asset processing RealContentHashPlugin decidiq-node_modules_date-fns_locale_az_js.js?v=08547e9208ec6c28d3a1 generated SourceMap
<s> [webpack.Progress] 92% sealing asset processing RealContentHashPlugin decidiq-vendors-node_modules_date-fns_locale_be-tarask_js.js?v=cd5f3be5bfdebe5fbab9 generate SourceMap
<s> [webpack.Progress] 92% sealing asset processing RealContentHashPlugin decidiq-vendors-node_modules_date-fns_locale_be-tarask_js.js?v=cd5f3be5bfdebe5fbab9 generated SourceMap
<s> [webpack.Progress] 92% sealing asset processing RealContentHashPlugin decidiq-vendors-node_modules_date-fns_locale_be_js.js?v=35fed4a8f606dfa08c0b generate SourceMap
<s> [webpack.Progress] 92% sealing asset processing RealContentHashPlugin decidiq-vendors-node_modules_date-fns_locale_be_js.js?v=35fed4a8f606dfa08c0b generated SourceMap
<s> [webpack.Progress] 92% sealing asset processing RealContentHashPlugin decidiq-node_modules_date-fns_locale_bg_js.js?v=9015ee42142d975f9ba6 generate SourceMap
<s> [webpack.Progress] 92% sealing asset processing RealContentHashPlugin decidiq-node_modules_date-fns_locale_bg_js.js?v=9015ee42142d975f9ba6 generated SourceMap
<s> [webpack.Progress] 92% sealing asset processing RealContentHashPlugin decidiq-node_modules_date-fns_locale_bn_js.js?v=b664662fafd158d3011e generate SourceMap
<s> [webpack.Progress] 92% sealing asset processing RealContentHashPlugin decidiq-node_modules_date-fns_locale_bn_js.js?v=b664662fafd158d3011e generated SourceMap
<s> [webpack.Progress] 92% sealing asset processing RealContentHashPlugin decidiq-node_modules_date-fns_locale_bs_js.js?v=0e23c1b0e9f4ed3d2f18 generate SourceMap
<s> [webpack.Progress] 92% sealing asset processing RealContentHashPlugin decidiq-node_modules_date-fns_locale_bs_js.js?v=0e23c1b0e9f4ed3d2f18 generated SourceMap
<s> [webpack.Progress] 92% sealing asset processing RealContentHashPlugin decidiq-node_modules_date-fns_locale_ca_js.js?v=f32c2423ea4c06f66493 generate SourceMap
<s> [webpack.Progress] 92% sealing asset processing RealContentHashPlugin decidiq-node_modules_date-fns_locale_ca_js.js?v=f32c2423ea4c06f66493 generated SourceMap
<s> [webpack.Progress] 92% sealing asset processing RealContentHashPlugin decidiq-node_modules_date-fns_locale_ckb_js.js?v=dd5703bbb062b51368e4 generate SourceMap
<s> [webpack.Progress] 92% sealing asset processing RealContentHashPlugin decidiq-node_modules_date-fns_locale_ckb_js.js?v=dd5703bbb062b51368e4 generated SourceMap
<s> [webpack.Progress] 92% sealing asset processing RealContentHashPlugin decidiq-node_modules_date-fns_locale_cs_js.js?v=f0a65c419e16f1cf3e2c generate SourceMap
<s> [webpack.Progress] 92% sealing asset processing RealContentHashPlugin decidiq-node_modules_date-fns_locale_cs_js.js?v=f0a65c419e16f1cf3e2c generated SourceMap
<s> [webpack.Progress] 92% sealing asset processing RealContentHashPlugin decidiq-node_modules_date-fns_locale_cy_js.js?v=d7094ac6bd3eb1325d21 generate SourceMap
<s> [webpack.Progress] 92% sealing asset processing RealContentHashPlugin decidiq-node_modules_date-fns_locale_cy_js.js?v=d7094ac6bd3eb1325d21 generated SourceMap
<s> [webpack.Progress] 92% sealing asset processing RealContentHashPlugin decidiq-node_modules_date-fns_locale_da_js.js?v=6226c0ac2a8021f9e004 generate SourceMap
<s> [webpack.Progress] 92% sealing asset processing RealContentHashPlugin decidiq-node_modules_date-fns_locale_da_js.js?v=6226c0ac2a8021f9e004 generated SourceMap
<s> [webpack.Progress] 92% sealing asset processing RealContentHashPlugin decidiq-node_modules_date-fns_locale_de-AT_js.js?v=8aa36d5ee0a3974c1dd1 generate SourceMap
<s> [webpack.Progress] 92% sealing asset processing RealContentHashPlugin decidiq-node_modules_date-fns_locale_de-AT_js.js?v=8aa36d5ee0a3974c1dd1 generated SourceMap
<s> [webpack.Progress] 92% sealing asset processing RealContentHashPlugin decidiq-node_modules_date-fns_locale_de_js.js?v=8a60b798b15f9de760d2 generate SourceMap
<s> [webpack.Progress] 92% sealing asset processing RealContentHashPlugin decidiq-node_modules_date-fns_locale_de_js.js?v=8a60b798b15f9de760d2 generated SourceMap
<s> [webpack.Progress] 92% sealing asset processing RealContentHashPlugin decidiq-node_modules_date-fns_locale_el_js.js?v=7e018ff5fa73c3ff9a95 generate SourceMap
<s> [webpack.Progress] 92% sealing asset processing RealContentHashPlugin decidiq-node_modules_date-fns_locale_el_js.js?v=7e018ff5fa73c3ff9a95 generated SourceMap
<s> [webpack.Progress] 92% sealing asset processing RealContentHashPlugin decidiq-node_modules_date-fns_locale_en-AU_js.js?v=6a5c3485e862d8eb8453 generate SourceMap
<s> [webpack.Progress] 92% sealing asset processing RealContentHashPlugin decidiq-node_modules_date-fns_locale_en-AU_js.js?v=6a5c3485e862d8eb8453 generated SourceMap
<s> [webpack.Progress] 92% sealing asset processing RealContentHashPlugin decidiq-node_modules_date-fns_locale_en-CA_js.js?v=2ce7c8c9a89d384196df generate SourceMap
<s> [webpack.Progress] 92% sealing asset processing RealContentHashPlugin decidiq-node_modules_date-fns_locale_en-CA_js.js?v=2ce7c8c9a89d384196df generated SourceMap
<s> [webpack.Progress] 92% sealing asset processing RealContentHashPlugin decidiq-node_modules_date-fns_locale_en-GB_js.js?v=e60ff95226ad89b67435 generate SourceMap
<s> [webpack.Progress] 92% sealing asset processing RealContentHashPlugin decidiq-node_modules_date-fns_locale_en-GB_js.js?v=e60ff95226ad89b67435 generated SourceMap
<s> [webpack.Progress] 92% sealing asset processing RealContentHashPlugin decidiq-node_modules_date-fns_locale_en-IE_js.js?v=0b0a4ff2d647d5620dd3 generate SourceMap
<s> [webpack.Progress] 92% sealing asset processing RealContentHashPlugin decidiq-node_modules_date-fns_locale_en-IE_js.js?v=0b0a4ff2d647d5620dd3 generated SourceMap
<s> [webpack.Progress] 92% sealing asset processing RealContentHashPlugin decidiq-node_modules_date-fns_locale_en-IN_js.js?v=2b703438776228964968 generate SourceMap
<s> [webpack.Progress] 92% sealing asset processing RealContentHashPlugin decidiq-node_modules_date-fns_locale_en-IN_js.js?v=2b703438776228964968 generated SourceMap
<s> [webpack.Progress] 92% sealing asset processing RealContentHashPlugin decidiq-node_modules_date-fns_locale_en-NZ_js.js?v=29b031b051d8dda405e8 generate SourceMap
<s> [webpack.Progress] 92% sealing asset processing RealContentHashPlugin decidiq-node_modules_date-fns_locale_en-NZ_js.js?v=29b031b051d8dda405e8 generated SourceMap
<s> [webpack.Progress] 92% sealing asset processing RealContentHashPlugin decidiq-node_modules_date-fns_locale_en-ZA_js.js?v=8ae91b4f561ae42ad442 generate SourceMap
<s> [webpack.Progress] 92% sealing asset processing RealContentHashPlugin decidiq-node_modules_date-fns_locale_en-ZA_js.js?v=8ae91b4f561ae42ad442 generated SourceMap
<s> [webpack.Progress] 92% sealing asset processing RealContentHashPlugin decidiq-node_modules_date-fns_locale_eo_js.js?v=b2ac2aa76bfbe3344d13 generate SourceMap
<s> [webpack.Progress] 92% sealing asset processing RealContentHashPlugin decidiq-node_modules_date-fns_locale_eo_js.js?v=b2ac2aa76bfbe3344d13 generated SourceMap
<s> [webpack.Progress] 92% sealing asset processing RealContentHashPlugin decidiq-node_modules_date-fns_locale_es_js.js?v=faa8b79f5da0b49567e7 generate SourceMap
<s> [webpack.Progress] 92% sealing asset processing RealContentHashPlugin decidiq-node_modules_date-fns_locale_es_js.js?v=faa8b79f5da0b49567e7 generated SourceMap
<s> [webpack.Progress] 92% sealing asset processing RealContentHashPlugin decidiq-node_modules_date-fns_locale_et_js.js?v=6efe5739a26e23872c48 generate SourceMap
<s> [webpack.Progress] 92% sealing asset processing RealContentHashPlugin decidiq-node_modules_date-fns_locale_et_js.js?v=6efe5739a26e23872c48 generated SourceMap
<s> [webpack.Progress] 92% sealing asset processing RealContentHashPlugin decidiq-node_modules_date-fns_locale_eu_js.js?v=32f1229f81970b2999b7 generate SourceMap
<s> [webpack.Progress] 92% sealing asset processing RealContentHashPlugin decidiq-node_modules_date-fns_locale_eu_js.js?v=32f1229f81970b2999b7 generated SourceMap
<s> [webpack.Progress] 92% sealing asset processing RealContentHashPlugin decidiq-node_modules_date-fns_locale_fa-IR_js.js?v=9f6d3a87a18a0102b3ef generate SourceMap
<s> [webpack.Progress] 92% sealing asset processing RealContentHashPlugin decidiq-node_modules_date-fns_locale_fa-IR_js.js?v=9f6d3a87a18a0102b3ef generated SourceMap
<s> [webpack.Progress] 92% sealing asset processing RealContentHashPlugin decidiq-node_modules_date-fns_locale_fi_js.js?v=b76c90c16e20695d30ab generate SourceMap
<s> [webpack.Progress] 92% sealing asset processing RealContentHashPlugin decidiq-node_modules_date-fns_locale_fi_js.js?v=b76c90c16e20695d30ab generated SourceMap
<s> [webpack.Progress] 92% sealing asset processing RealContentHashPlugin decidiq-node_modules_date-fns_locale_fr-CA_js.js?v=6a182ac02ff8f67dc181 generate SourceMap
<s> [webpack.Progress] 92% sealing asset processing RealContentHashPlugin decidiq-node_modules_date-fns_locale_fr-CA_js.js?v=6a182ac02ff8f67dc181 generated SourceMap
<s> [webpack.Progress] 92% sealing asset processing RealContentHashPlugin decidiq-node_modules_date-fns_locale_fr-CH_js.js?v=64b25e0a36f3d7c76e3b generate SourceMap
<s> [webpack.Progress] 92% sealing asset processing RealContentHashPlugin decidiq-node_modules_date-fns_locale_fr-CH_js.js?v=64b25e0a36f3d7c76e3b generated SourceMap
<s> [webpack.Progress] 92% sealing asset processing RealContentHashPlugin decidiq-node_modules_date-fns_locale_fr_js.js?v=b5011f34debc0d239e05 generate SourceMap
<s> [webpack.Progress] 92% sealing asset processing RealContentHashPlugin decidiq-node_modules_date-fns_locale_fr_js.js?v=b5011f34debc0d239e05 generated SourceMap
<s> [webpack.Progress] 92% sealing asset processing RealContentHashPlugin decidiq-node_modules_date-fns_locale_fy_js.js?v=cdc76299ccc6bef89787 generate SourceMap
<s> [webpack.Progress] 92% sealing asset processing RealContentHashPlugin decidiq-node_modules_date-fns_locale_fy_js.js?v=cdc76299ccc6bef89787 generated SourceMap
<s> [webpack.Progress] 92% sealing asset processing RealContentHashPlugin decidiq-node_modules_date-fns_locale_gd_js.js?v=ec926f2e79b00e78cf8d generate SourceMap
<s> [webpack.Progress] 92% sealing asset processing RealContentHashPlugin decidiq-node_modules_date-fns_locale_gd_js.js?v=ec926f2e79b00e78cf8d generated SourceMap
<s> [webpack.Progress] 92% sealing asset processing RealContentHashPlugin decidiq-node_modules_date-fns_locale_gl_js.js?v=91980d6e9a77e6c79f5b generate SourceMap
<s> [webpack.Progress] 92% sealing asset processing RealContentHashPlugin decidiq-node_modules_date-fns_locale_gl_js.js?v=91980d6e9a77e6c79f5b generated SourceMap
<s> [webpack.Progress] 92% sealing asset processing RealContentHashPlugin decidiq-node_modules_date-fns_locale_gu_js.js?v=b6ce0d04c05ac322887d generate SourceMap
<s> [webpack.Progress] 92% sealing asset processing RealContentHashPlugin decidiq-node_modules_date-fns_locale_gu_js.js?v=b6ce0d04c05ac322887d generated SourceMap
<s> [webpack.Progress] 92% sealing asset processing RealContentHashPlugin decidiq-node_modules_date-fns_locale_he_js.js?v=b63ef7227126a0a64f33 generate SourceMap
<s> [webpack.Progress] 92% sealing asset processing RealContentHashPlugin decidiq-node_modules_date-fns_locale_he_js.js?v=b63ef7227126a0a64f33 generated SourceMap
<s> [webpack.Progress] 92% sealing asset processing RealContentHashPlugin decidiq-node_modules_date-fns_locale_hi_js.js?v=41f6c70a2628b87d8e94 generate SourceMap
<s> [webpack.Progress] 92% sealing asset processing RealContentHashPlugin decidiq-node_modules_date-fns_locale_hi_js.js?v=41f6c70a2628b87d8e94 generated SourceMap
<s> [webpack.Progress] 92% sealing asset processing RealContentHashPlugin decidiq-node_modules_date-fns_locale_hr_js.js?v=8031210af23bf9ab55e2 generate SourceMap
<s> [webpack.Progress] 92% sealing asset processing RealContentHashPlugin decidiq-node_modules_date-fns_locale_hr_js.js?v=8031210af23bf9ab55e2 generated SourceMap
<s> [webpack.Progress] 92% sealing asset processing RealContentHashPlugin decidiq-node_modules_date-fns_locale_ht_js.js?v=c9ce66e000902ee6dd9d generate SourceMap
<s> [webpack.Progress] 92% sealing asset processing RealContentHashPlugin decidiq-node_modules_date-fns_locale_ht_js.js?v=c9ce66e000902ee6dd9d generated SourceMap
<s> [webpack.Progress] 92% sealing asset processing RealContentHashPlugin decidiq-node_modules_date-fns_locale_hu_js.js?v=c94cb056cc1fa4041f6a generate SourceMap
<s> [webpack.Progress] 92% sealing asset processing RealContentHashPlugin decidiq-node_modules_date-fns_locale_hu_js.js?v=c94cb056cc1fa4041f6a generated SourceMap
<s> [webpack.Progress] 92% sealing asset processing RealContentHashPlugin decidiq-node_modules_date-fns_locale_hy_js.js?v=8e3f24b20dd7fbce3a66 generate SourceMap
<s> [webpack.Progress] 92% sealing asset processing RealContentHashPlugin decidiq-node_modules_date-fns_locale_hy_js.js?v=8e3f24b20dd7fbce3a66 generated SourceMap
<s> [webpack.Progress] 92% sealing asset processing RealContentHashPlugin decidiq-node_modules_date-fns_locale_id_js.js?v=effb6256c6736eb249c9 generate SourceMap
<s> [webpack.Progress] 92% sealing asset processing RealContentHashPlugin decidiq-node_modules_date-fns_locale_id_js.js?v=effb6256c6736eb249c9 generated SourceMap
<s> [webpack.Progress] 92% sealing asset processing RealContentHashPlugin decidiq-node_modules_date-fns_locale_is_js.js?v=0490a5dc74ed989a282a generate SourceMap
<s> [webpack.Progress] 92% sealing asset processing RealContentHashPlugin decidiq-node_modules_date-fns_locale_is_js.js?v=0490a5dc74ed989a282a generated SourceMap
<s> [webpack.Progress] 92% sealing asset processing RealContentHashPlugin decidiq-node_modules_date-fns_locale_it-CH_js.js?v=5ff723cc1185e2dc98d9 generate SourceMap
<s> [webpack.Progress] 92% sealing asset processing RealContentHashPlugin decidiq-node_modules_date-fns_locale_it-CH_js.js?v=5ff723cc1185e2dc98d9 generated SourceMap
<s> [webpack.Progress] 92% sealing asset processing RealContentHashPlugin decidiq-node_modules_date-fns_locale_it_js.js?v=e92717d3c8bc983b37a5 generate SourceMap
<s> [webpack.Progress] 92% sealing asset processing RealContentHashPlugin decidiq-node_modules_date-fns_locale_it_js.js?v=e92717d3c8bc983b37a5 generated SourceMap
<s> [webpack.Progress] 92% sealing asset processing RealContentHashPlugin decidiq-node_modules_date-fns_locale_ja-Hira_js.js?v=d5aaca10c1e07afedef7 generate SourceMap
<s> [webpack.Progress] 92% sealing asset processing RealContentHashPlugin decidiq-node_modules_date-fns_locale_ja-Hira_js.js?v=d5aaca10c1e07afedef7 generated SourceMap
<s> [webpack.Progress] 92% sealing asset processing RealContentHashPlugin decidiq-node_modules_date-fns_locale_ja_js.js?v=34fbfaf4032dc46d6278 generate SourceMap
<s> [webpack.Progress] 92% sealing asset processing RealContentHashPlugin decidiq-node_modules_date-fns_locale_ja_js.js?v=34fbfaf4032dc46d6278 generated SourceMap
<s> [webpack.Progress] 92% sealing asset processing RealContentHashPlugin decidiq-node_modules_date-fns_locale_ka_js.js?v=309267d645b88609b1b2 generate SourceMap
<s> [webpack.Progress] 92% sealing asset processing RealContentHashPlugin decidiq-node_modules_date-fns_locale_ka_js.js?v=309267d645b88609b1b2 generated SourceMap
<s> [webpack.Progress] 92% sealing asset processing RealContentHashPlugin decidiq-node_modules_date-fns_locale_kk_js.js?v=80c0ad0ea291ac72f01c generate SourceMap
<s> [webpack.Progress] 92% sealing asset processing RealContentHashPlugin decidiq-node_modules_date-fns_locale_kk_js.js?v=80c0ad0ea291ac72f01c generated SourceMap
<s> [webpack.Progress] 92% sealing asset processing RealContentHashPlugin decidiq-node_modules_date-fns_locale_km_js.js?v=88df0e2dd11fe4e7f853 generate SourceMap
<s> [webpack.Progress] 92% sealing asset processing RealContentHashPlugin decidiq-node_modules_date-fns_locale_km_js.js?v=88df0e2dd11fe4e7f853 generated SourceMap
<s> [webpack.Progress] 92% sealing asset processing RealContentHashPlugin decidiq-node_modules_date-fns_locale_kn_js.js?v=bb44097ed5afa7e09286 generate SourceMap
<s> [webpack.Progress] 92% sealing asset processing RealContentHashPlugin decidiq-node_modules_date-fns_locale_kn_js.js?v=bb44097ed5afa7e09286 generated SourceMap
<s> [webpack.Progress] 92% sealing asset processing RealContentHashPlugin decidiq-node_modules_date-fns_locale_ko_js.js?v=ede8a3ddfadd73d5b035 generate SourceMap
<s> [webpack.Progress] 92% sealing asset processing RealContentHashPlugin decidiq-node_modules_date-fns_locale_ko_js.js?v=ede8a3ddfadd73d5b035 generated SourceMap
<s> [webpack.Progress] 92% sealing asset processing RealContentHashPlugin decidiq-node_modules_date-fns_locale_lb_js.js?v=8e31eacfdb202e9e9e5d generate SourceMap
<s> [webpack.Progress] 92% sealing asset processing RealContentHashPlugin decidiq-node_modules_date-fns_locale_lb_js.js?v=8e31eacfdb202e9e9e5d generated SourceMap
<s> [webpack.Progress] 92% sealing asset processing RealContentHashPlugin decidiq-node_modules_date-fns_locale_lt_js.js?v=695b35a51badada3f010 generate SourceMap
<s> [webpack.Progress] 92% sealing asset processing RealContentHashPlugin decidiq-node_modules_date-fns_locale_lt_js.js?v=695b35a51badada3f010 generated SourceMap
<s> [webpack.Progress] 92% sealing asset processing RealContentHashPlugin decidiq-node_modules_date-fns_locale_lv_js.js?v=eaad4bae08011fd2b557 generate SourceMap
<s> [webpack.Progress] 92% sealing asset processing RealContentHashPlugin decidiq-node_modules_date-fns_locale_lv_js.js?v=eaad4bae08011fd2b557 generated SourceMap
<s> [webpack.Progress] 92% sealing asset processing RealContentHashPlugin decidiq-node_modules_date-fns_locale_mk_js.js?v=0f058a2cd099afbb961b generate SourceMap
<s> [webpack.Progress] 92% sealing asset processing RealContentHashPlugin decidiq-node_modules_date-fns_locale_mk_js.js?v=0f058a2cd099afbb961b generated SourceMap
<s> [webpack.Progress] 92% sealing asset processing RealContentHashPlugin decidiq-node_modules_date-fns_locale_mn_js.js?v=e0dff6ad1c09892a4d01 generate SourceMap
<s> [webpack.Progress] 92% sealing asset processing RealContentHashPlugin decidiq-node_modules_date-fns_locale_mn_js.js?v=e0dff6ad1c09892a4d01 generated SourceMap
<s> [webpack.Progress] 92% sealing asset processing RealContentHashPlugin decidiq-node_modules_date-fns_locale_ms_js.js?v=37a246a3078c0904ea29 generate SourceMap
<s> [webpack.Progress] 92% sealing asset processing RealContentHashPlugin decidiq-node_modules_date-fns_locale_ms_js.js?v=37a246a3078c0904ea29 generated SourceMap
<s> [webpack.Progress] 92% sealing asset processing RealContentHashPlugin decidiq-node_modules_date-fns_locale_mt_js.js?v=bac8076d031202a0cb61 generate SourceMap
<s> [webpack.Progress] 92% sealing asset processing RealContentHashPlugin decidiq-node_modules_date-fns_locale_mt_js.js?v=bac8076d031202a0cb61 generated SourceMap
<s> [webpack.Progress] 92% sealing asset processing RealContentHashPlugin decidiq-node_modules_date-fns_locale_nb_js.js?v=6caabc1ef3e55e58504b generate SourceMap
<s> [webpack.Progress] 92% sealing asset processing RealContentHashPlugin decidiq-node_modules_date-fns_locale_nb_js.js?v=6caabc1ef3e55e58504b generated SourceMap
<s> [webpack.Progress] 92% sealing asset processing RealContentHashPlugin decidiq-node_modules_date-fns_locale_nl-BE_js.js?v=895e04aed5bb7fb8e0b5 generate SourceMap
<s> [webpack.Progress] 92% sealing asset processing RealContentHashPlugin decidiq-node_modules_date-fns_locale_nl-BE_js.js?v=895e04aed5bb7fb8e0b5 generated SourceMap
<s> [webpack.Progress] 92% sealing asset processing RealContentHashPlugin decidiq-node_modules_date-fns_locale_nl_js.js?v=d1de223ca039c2ed0887 generate SourceMap
<s> [webpack.Progress] 92% sealing asset processing RealContentHashPlugin decidiq-node_modules_date-fns_locale_nl_js.js?v=d1de223ca039c2ed0887 generated SourceMap
<s> [webpack.Progress] 92% sealing asset processing RealContentHashPlugin decidiq-node_modules_date-fns_locale_nn_js.js?v=9970a9136490f2a25655 generate SourceMap
<s> [webpack.Progress] 92% sealing asset processing RealContentHashPlugin decidiq-node_modules_date-fns_locale_nn_js.js?v=9970a9136490f2a25655 generated SourceMap
<s> [webpack.Progress] 92% sealing asset processing RealContentHashPlugin decidiq-node_modules_date-fns_locale_oc_js.js?v=521c3970b371d6835d7d generate SourceMap
<s> [webpack.Progress] 92% sealing asset processing RealContentHashPlugin decidiq-node_modules_date-fns_locale_oc_js.js?v=521c3970b371d6835d7d generated SourceMap
<s> [webpack.Progress] 92% sealing asset processing RealContentHashPlugin decidiq-node_modules_date-fns_locale_pl_js.js?v=e8639b35bdfe72f4ef62 generate SourceMap
<s> [webpack.Progress] 92% sealing asset processing RealContentHashPlugin decidiq-node_modules_date-fns_locale_pl_js.js?v=e8639b35bdfe72f4ef62 generated SourceMap
<s> [webpack.Progress] 92% sealing asset processing RealContentHashPlugin decidiq-node_modules_date-fns_locale_pt-BR_js.js?v=14bce05458f50c10832e generate SourceMap
<s> [webpack.Progress] 92% sealing asset processing RealContentHashPlugin decidiq-node_modules_date-fns_locale_pt-BR_js.js?v=14bce05458f50c10832e generated SourceMap
<s> [webpack.Progress] 92% sealing asset processing RealContentHashPlugin decidiq-node_modules_date-fns_locale_pt_js.js?v=a0150a5e3250c6eb42b2 generate SourceMap
<s> [webpack.Progress] 92% sealing asset processing RealContentHashPlugin decidiq-node_modules_date-fns_locale_pt_js.js?v=a0150a5e3250c6eb42b2 generated SourceMap
<s> [webpack.Progress] 92% sealing asset processing RealContentHashPlugin decidiq-node_modules_date-fns_locale_ro_js.js?v=0c7c94b4c3cf61599614 generate SourceMap
<s> [webpack.Progress] 92% sealing asset processing RealContentHashPlugin decidiq-node_modules_date-fns_locale_ro_js.js?v=0c7c94b4c3cf61599614 generated SourceMap
<s> [webpack.Progress] 92% sealing asset processing RealContentHashPlugin decidiq-node_modules_date-fns_locale_ru_js.js?v=12c64575e923e326b4d1 generate SourceMap
<s> [webpack.Progress] 92% sealing asset processing RealContentHashPlugin decidiq-node_modules_date-fns_locale_ru_js.js?v=12c64575e923e326b4d1 generated SourceMap
<s> [webpack.Progress] 92% sealing asset processing RealContentHashPlugin decidiq-node_modules_date-fns_locale_se_js.js?v=52bd853c97481c9300f4 generate SourceMap
<s> [webpack.Progress] 92% sealing asset processing RealContentHashPlugin decidiq-node_modules_date-fns_locale_se_js.js?v=52bd853c97481c9300f4 generated SourceMap
<s> [webpack.Progress] 92% sealing asset processing RealContentHashPlugin decidiq-node_modules_date-fns_locale_sk_js.js?v=f05fb672b5a66ecae923 generate SourceMap
<s> [webpack.Progress] 92% sealing asset processing RealContentHashPlugin decidiq-node_modules_date-fns_locale_sk_js.js?v=f05fb672b5a66ecae923 generated SourceMap
<s> [webpack.Progress] 92% sealing asset processing RealContentHashPlugin decidiq-node_modules_date-fns_locale_sl_js.js?v=6c1c96a3a602b09f7390 generate SourceMap
<s> [webpack.Progress] 92% sealing asset processing RealContentHashPlugin decidiq-node_modules_date-fns_locale_sl_js.js?v=6c1c96a3a602b09f7390 generated SourceMap
<s> [webpack.Progress] 92% sealing asset processing RealContentHashPlugin decidiq-node_modules_date-fns_locale_sq_js.js?v=16cd5ec4f46783dc1795 generate SourceMap
<s> [webpack.Progress] 92% sealing asset processing RealContentHashPlugin decidiq-node_modules_date-fns_locale_sq_js.js?v=16cd5ec4f46783dc1795 generated SourceMap
<s> [webpack.Progress] 92% sealing asset processing RealContentHashPlugin decidiq-node_modules_date-fns_locale_sr-Latn_js.js?v=c00a25304368ad6bece8 generate SourceMap
<s> [webpack.Progress] 92% sealing asset processing RealContentHashPlugin decidiq-node_modules_date-fns_locale_sr-Latn_js.js?v=c00a25304368ad6bece8 generated SourceMap
<s> [webpack.Progress] 92% sealing asset processing RealContentHashPlugin decidiq-node_modules_date-fns_locale_sr_js.js?v=43f6c1fae3cc05beb292 generate SourceMap
<s> [webpack.Progress] 92% sealing asset processing RealContentHashPlugin decidiq-node_modules_date-fns_locale_sr_js.js?v=43f6c1fae3cc05beb292 generated SourceMap
<s> [webpack.Progress] 92% sealing asset processing RealContentHashPlugin decidiq-node_modules_date-fns_locale_sv_js.js?v=5caeb6f29e015edf94fe generate SourceMap
<s> [webpack.Progress] 92% sealing asset processing RealContentHashPlugin decidiq-node_modules_date-fns_locale_sv_js.js?v=5caeb6f29e015edf94fe generated SourceMap
<s> [webpack.Progress] 92% sealing asset processing RealContentHashPlugin decidiq-node_modules_date-fns_locale_ta_js.js?v=e0f0c56bdcf454f63619 generate SourceMap
<s> [webpack.Progress] 92% sealing asset processing RealContentHashPlugin decidiq-node_modules_date-fns_locale_ta_js.js?v=e0f0c56bdcf454f63619 generated SourceMap
<s> [webpack.Progress] 92% sealing asset processing RealContentHashPlugin decidiq-node_modules_date-fns_locale_te_js.js?v=398e886350b46399f878 generate SourceMap
<s> [webpack.Progress] 92% sealing asset processing RealContentHashPlugin decidiq-node_modules_date-fns_locale_te_js.js?v=398e886350b46399f878 generated SourceMap
<s> [webpack.Progress] 92% sealing asset processing RealContentHashPlugin decidiq-node_modules_date-fns_locale_th_js.js?v=a1eac3d8e6dffcf387f8 generate SourceMap
<s> [webpack.Progress] 92% sealing asset processing RealContentHashPlugin decidiq-node_modules_date-fns_locale_th_js.js?v=a1eac3d8e6dffcf387f8 generated SourceMap
<s> [webpack.Progress] 92% sealing asset processing RealContentHashPlugin decidiq-node_modules_date-fns_locale_tr_js.js?v=fbc1b86c082da1a2ca2c generate SourceMap
<s> [webpack.Progress] 92% sealing asset processing RealContentHashPlugin decidiq-node_modules_date-fns_locale_tr_js.js?v=fbc1b86c082da1a2ca2c generated SourceMap
<s> [webpack.Progress] 92% sealing asset processing RealContentHashPlugin decidiq-node_modules_date-fns_locale_ug_js.js?v=8d29833b7919c5f7ca38 generate SourceMap
<s> [webpack.Progress] 92% sealing asset processing RealContentHashPlugin decidiq-node_modules_date-fns_locale_ug_js.js?v=8d29833b7919c5f7ca38 generated SourceMap
<s> [webpack.Progress] 92% sealing asset processing RealContentHashPlugin decidiq-vendors-node_modules_date-fns_locale_uk_js.js?v=b8d33907c925b2c990b7 generate SourceMap
<s> [webpack.Progress] 92% sealing asset processing RealContentHashPlugin decidiq-vendors-node_modules_date-fns_locale_uk_js.js?v=b8d33907c925b2c990b7 generated SourceMap
<s> [webpack.Progress] 92% sealing asset processing RealContentHashPlugin decidiq-node_modules_date-fns_locale_uz-Cyrl_js.js?v=6cbc5b44cf4780824f80 generate SourceMap
<s> [webpack.Progress] 92% sealing asset processing RealContentHashPlugin decidiq-node_modules_date-fns_locale_uz-Cyrl_js.js?v=6cbc5b44cf4780824f80 generated SourceMap
<s> [webpack.Progress] 92% sealing asset processing RealContentHashPlugin decidiq-node_modules_date-fns_locale_uz_js.js?v=7697e09dece54a17ba83 generate SourceMap
<s> [webpack.Progress] 92% sealing asset processing RealContentHashPlugin decidiq-node_modules_date-fns_locale_uz_js.js?v=7697e09dece54a17ba83 generated SourceMap
<s> [webpack.Progress] 92% sealing asset processing RealContentHashPlugin decidiq-node_modules_date-fns_locale_vi_js.js?v=3fec29165a87d753b107 generate SourceMap
<s> [webpack.Progress] 92% sealing asset processing RealContentHashPlugin decidiq-node_modules_date-fns_locale_vi_js.js?v=3fec29165a87d753b107 generated SourceMap
<s> [webpack.Progress] 92% sealing asset processing RealContentHashPlugin decidiq-node_modules_date-fns_locale_zh-CN_js.js?v=016279b1c76b715fdd06 generate SourceMap
<s> [webpack.Progress] 92% sealing asset processing RealContentHashPlugin decidiq-node_modules_date-fns_locale_zh-CN_js.js?v=016279b1c76b715fdd06 generated SourceMap
<s> [webpack.Progress] 92% sealing asset processing RealContentHashPlugin decidiq-node_modules_date-fns_locale_zh-HK_js.js?v=236b7896b67795bd6b8c generate SourceMap
<s> [webpack.Progress] 92% sealing asset processing RealContentHashPlugin decidiq-node_modules_date-fns_locale_zh-HK_js.js?v=236b7896b67795bd6b8c generated SourceMap
<s> [webpack.Progress] 92% sealing asset processing RealContentHashPlugin decidiq-node_modules_date-fns_locale_zh-TW_js.js?v=92fc5e84e9322147e643 generate SourceMap
<s> [webpack.Progress] 92% sealing asset processing RealContentHashPlugin decidiq-node_modules_date-fns_locale_zh-TW_js.js?v=92fc5e84e9322147e643 generated SourceMap
<s> [webpack.Progress] 92% sealing asset processing RealContentHashPlugin decidiq-vendors-node_modules_rehype-highlight_index_js.js?v=1a78b751cc9c2207d2df generate SourceMap
<s> [webpack.Progress] 92% sealing asset processing RealContentHashPlugin decidiq-vendors-node_modules_rehype-highlight_index_js.js?v=1a78b751cc9c2207d2df generated SourceMap
<s> [webpack.Progress] 92% sealing asset processing RealContentHashPlugin decidiq-vendors-node_modules_toast-ui_editor_dist_esm_index_js.js?v=a27c0237d3ba558918b4 generate SourceMap
<s> [webpack.Progress] 92% sealing asset processing RealContentHashPlugin decidiq-vendors-node_modules_toast-ui_editor_dist_esm_index_js.js?v=a27c0237d3ba558918b4 generated SourceMap
<s> [webpack.Progress] 92% sealing asset processing RealContentHashPlugin decidiq-cn-icons-mdi.js?v=66a80169cc6192d936a6 generate SourceMap
<s> [webpack.Progress] 92% sealing asset processing RealContentHashPlugin decidiq-cn-icons-mdi.js?v=66a80169cc6192d936a6 generated SourceMap
<s> [webpack.Progress] 92% sealing asset processing RealContentHashPlugin decidiq-cn-icons-rvo.js?v=f51533f8837e3704a9a2 generate SourceMap
<s> [webpack.Progress] 92% sealing asset processing RealContentHashPlugin decidiq-cn-icons-rvo.js?v=f51533f8837e3704a9a2 generated SourceMap
<s> [webpack.Progress] 92% sealing asset processing RealContentHashPlugin decidiq-vendors-node_modules_conduction_nextcloud-vue_dist_esm_node_modules_nextcloud_dialogs_dist_ch-899bef.js?v=7a691699b7c4f7c9f9bd generate SourceMap
<s> [webpack.Progress] 92% sealing asset processing RealContentHashPlugin decidiq-vendors-node_modules_conduction_nextcloud-vue_dist_esm_node_modules_nextcloud_dialogs_dist_ch-899bef.js?v=7a691699b7c4f7c9f9bd generated SourceMap
<s> [webpack.Progress] 92% sealing asset processing RealContentHashPlugin decidiq-vendors-node_modules_conduction_nextcloud-vue_dist_esm_node_modules_nextcloud_dialogs_dist_ch-82cd34.js?v=20667d7431713061f32e generate SourceMap
<s> [webpack.Progress] 92% sealing asset processing RealContentHashPlugin decidiq-vendors-node_modules_conduction_nextcloud-vue_dist_esm_node_modules_nextcloud_dialogs_dist_ch-82cd34.js?v=20667d7431713061f32e generated SourceMap
<s> [webpack.Progress] 92% sealing asset processing RealContentHashPlugin decidiq-node_modules_conduction_nextcloud-vue_dist_esm_node_modules_nextcloud_dialogs_dist_chunks_Pub-1ead8e.js?v=a8fc6d59204c2834a51e generate SourceMap
<s> [webpack.Progress] 92% sealing asset processing RealContentHashPlugin decidiq-node_modules_conduction_nextcloud-vue_dist_esm_node_modules_nextcloud_dialogs_dist_chunks_Pub-1ead8e.js?v=a8fc6d59204c2834a51e generated SourceMap
<s> [webpack.Progress] 92% sealing asset processing RealContentHashPlugin decidiq-node_modules_conduction_nextcloud-vue_dist_esm_utils_evalFormula_js.js?v=1df2846d4054dd3afee5 generate SourceMap
<s> [webpack.Progress] 92% sealing asset processing RealContentHashPlugin decidiq-node_modules_conduction_nextcloud-vue_dist_esm_utils_evalFormula_js.js?v=1df2846d4054dd3afee5 generated SourceMap
<s> [webpack.Progress] 92% sealing asset processing RealContentHashPlugin decidiq-vendors-node_modules_conduction_nextcloud-vue_dist_esm_node_modules_leaflet_dist_leaflet-src_js.js?v=b334b2d2eaa023dbf5ff generate SourceMap
<s> [webpack.Progress] 92% sealing asset processing RealContentHashPlugin decidiq-vendors-node_modules_conduction_nextcloud-vue_dist_esm_node_modules_leaflet_dist_leaflet-src_js.js?v=b334b2d2eaa023dbf5ff generated SourceMap
<s> [webpack.Progress] 92% sealing asset processing RealContentHashPlugin decidiq-node_modules_conduction_nextcloud-vue_dist_esm_components_CnMapPage_CnMapPage_vue_js.js?v=00237e1536563324bab2 generate SourceMap
<s> [webpack.Progress] 92% sealing asset processing RealContentHashPlugin decidiq-node_modules_conduction_nextcloud-vue_dist_esm_components_CnMapPage_CnMapPage_vue_js.js?v=00237e1536563324bab2 generated SourceMap
<s> [webpack.Progress] 92% sealing asset processing RealContentHashPlugin decidiq-node_modules_conduction_nextcloud-vue_dist_esm_components_CnWikiPage_CnWikiPage_vue_js.js?v=c07eac5e8823beba1bae generate SourceMap
<s> [webpack.Progress] 92% sealing asset processing RealContentHashPlugin decidiq-node_modules_conduction_nextcloud-vue_dist_esm_components_CnWikiPage_CnWikiPage_vue_js.js?v=c07eac5e8823beba1bae generated SourceMap
<s> [webpack.Progress] 92% sealing asset processing RealContentHashPlugin decidiq-src_components_widgets_ConfidentialityStatusTimelineWidget_vue.js?v=974c64f6e00a3b6d5d84 generate SourceMap
<s> [webpack.Progress] 92% sealing asset processing RealContentHashPlugin decidiq-src_components_widgets_ConfidentialityStatusTimelineWidget_vue.js?v=974c64f6e00a3b6d5d84 generated SourceMap
<s> [webpack.Progress] 92% sealing asset processing RealContentHashPlugin decidiq-src_components_widgets_DelegationChainWidget_vue.js?v=f893c4f07807c51d6327 generate SourceMap
<s> [webpack.Progress] 92% sealing asset processing RealContentHashPlugin decidiq-src_components_widgets_DelegationChainWidget_vue.js?v=f893c4f07807c51d6327 generated SourceMap
<s> [webpack.Progress] 92% sealing asset processing RealContentHashPlugin decidiq-src_components_widgets_RegisterVersionTimelineWidget_vue.js?v=bd4942d0c035186c5bc0 generate SourceMap
<s> [webpack.Progress] 92% sealing asset processing RealContentHashPlugin decidiq-src_components_widgets_RegisterVersionTimelineWidget_vue.js?v=bd4942d0c035186c5bc0 generated SourceMap
<s> [webpack.Progress] 92% sealing asset processing RealContentHashPlugin decidiq-vendors-node_modules_nextcloud_dialogs_dist_chunks_ConflictPicker_mjs-node_modules_typescript-406ecb.js?v=56f6719dd87fd9c0f5e9 generate SourceMap
<s> [webpack.Progress] 92% sealing asset processing RealContentHashPlugin decidiq-vendors-node_modules_nextcloud_dialogs_dist_chunks_ConflictPicker_mjs-node_modules_typescript-406ecb.js?v=56f6719dd87fd9c0f5e9 generated SourceMap
<s> [webpack.Progress] 92% sealing asset processing RealContentHashPlugin decidiq-vendors-node_modules_nextcloud_dialogs_dist_chunks_FilePicker_mjs.js?v=8d83a31b21f106a1bc99 generate SourceMap
<s> [webpack.Progress] 92% sealing asset processing RealContentHashPlugin decidiq-vendors-node_modules_nextcloud_dialogs_dist_chunks_FilePicker_mjs.js?v=8d83a31b21f106a1bc99 generated SourceMap
<s> [webpack.Progress] 92% sealing asset processing RealContentHashPlugin decidiq-node_modules_nextcloud_dialogs_dist_chunks_PublicAuthPrompt_mjs-node_modules_typescript-event-6fb9de.js?v=b4b3aae3ee4f760d220c generate SourceMap
<s> [webpack.Progress] 92% sealing asset processing RealContentHashPlugin decidiq-node_modules_nextcloud_dialogs_dist_chunks_PublicAuthPrompt_mjs-node_modules_typescript-event-6fb9de.js?v=b4b3aae3ee4f760d220c generated SourceMap
<s> [webpack.Progress] 92% sealing asset processing RealContentHashPlugin decidiq-vendors-node_modules_typescript-event-target_dist_index_mjs-node_modules_webdav_dist_web_index_js.js?v=9daa7d2972fabc19178a generate SourceMap
<s> [webpack.Progress] 92% sealing asset processing RealContentHashPlugin decidiq-vendors-node_modules_typescript-event-target_dist_index_mjs-node_modules_webdav_dist_web_index_js.js?v=9daa7d2972fabc19178a generated SourceMap
<s> [webpack.Progress] 92% sealing asset processing RealContentHashPlugin decidiq-vendors-node_modules_conduction_nextcloud-vue_dist_esm_node_modules_nextcloud_dialogs_dist_ch-eabf4e.js?v=7b9a004e2df59ba1e66b generate SourceMap
<s> [webpack.Progress] 92% sealing asset processing RealContentHashPlugin decidiq-vendors-node_modules_conduction_nextcloud-vue_dist_esm_node_modules_nextcloud_dialogs_dist_ch-eabf4e.js?v=7b9a004e2df59ba1e66b generated SourceMap
<s> [webpack.Progress] 92% sealing asset processing RealContentHashPlugin decidiq-vendors-node_modules_nextcloud_dialogs_node_modules_nextcloud_files_dist_index_mjs.js?v=bed12a0efc06e600f892 generate SourceMap
<s> [webpack.Progress] 92% sealing asset processing RealContentHashPlugin decidiq-vendors-node_modules_nextcloud_dialogs_node_modules_nextcloud_files_dist_index_mjs.js?v=bed12a0efc06e600f892 generated SourceMap
<s> [webpack.Progress] 92% sealing asset processing RealContentHashPlugin decidiq-vendors-node_modules_conduction_nextcloud-vue_dist_esm_node_modules_nextcloud_dialogs_dist_ch-37cc38.js?v=b36f62469e3137d77858 generate SourceMap
<s> [webpack.Progress] 92% sealing asset processing RealContentHashPlugin decidiq-vendors-node_modules_conduction_nextcloud-vue_dist_esm_node_modules_nextcloud_dialogs_dist_ch-37cc38.js?v=b36f62469e3137d77858 generated SourceMap
<s> [webpack.Progress] 92% sealing asset processing RealContentHashPlugin decidiq-vendors-node_modules_toast-ui_editor_dist_toastui-editor_css.js?v=51ff16fb2bc75440f3b7 generate SourceMap
<s> [webpack.Progress] 92% sealing asset processing RealContentHashPlugin decidiq-vendors-node_modules_toast-ui_editor_dist_toastui-editor_css.js?v=51ff16fb2bc75440f3b7 generated SourceMap
<s> [webpack.Progress] 92% sealing asset processing RealContentHashPlugin resolve sources
<s> [webpack.Progress] 92% sealing asset processing RealContentHashPlugin
<s> [webpack.Progress] 92% sealing asset processing
<s> [webpack.Progress] 93% sealing after asset optimization
<s> [webpack.Progress] 93% sealing after asset optimization
<s> [webpack.Progress] 93% sealing recording
<s> [webpack.Progress] 93% sealing recording
<s> [webpack.Progress] 94% sealing after seal
<s> [webpack.Progress] 94% sealing after seal
<s> [webpack.Progress] 95% emitting emit
<s> [webpack.Progress] 95% emitting emit CleanPlugin
<s> [webpack.Progress] 95% emitting emit
<s> [webpack.Progress] 98% emitting after emit
<s> [webpack.Progress] 98% emitting after emit SizeLimitsPlugin
<s> [webpack.Progress] 98% emitting after emit
<s> [webpack.Progress] 99% done plugins
<s> [webpack.Progress] 99% done plugins
<s> [webpack.Progress] 99% 

<s> [webpack.Progress] 99% cache store build dependencies
<s> [webpack.Progress] 99% cache store build dependencies
<s> [webpack.Progress] 99% cache begin idle
<s> [webpack.Progress] 99% cache begin idle
<s> [webpack.Progress] 100% 

<s> [webpack.Progress] 99% cache shutdown
<s> [webpack.Progress] 99% cache shutdown
<s> [webpack.Progress] 100% 

assets by info 6.87 MiB [1m[32m[immutable][39m[22m
  assets by path [1m[32m*.js[39m[22m 6.86 MiB
    assets by chunk 6.05 MiB (id hint: vendors)
      assets by status [1m[33m5.33 MiB[39m[22m [1m[33m[big][39m[22m 4 assets
      + 13 assets
    + 104 assets
  assets by path [1m[32m*.png[39m[22m 3.34 KiB
    asset [1m[32m2b3e1faf89f94a483539.png[39m[22m 1.43 KiB [1m[32m[emitted][39m[22m [1m[32m[immutable][39m[22m [from: node_modules/@conduction/nextcloud-vue/dist/esm/images/marker-icon.png] (auxiliary name: adminSettings, integrationInit, main)
    asset [1m[32m8f2c4d11474275fbc161.png[39m[22m 1.23 KiB [1m[32m[emitted][39m[22m [1m[32m[immutable][39m[22m [from: node_modules/@conduction/nextcloud-vue/dist/esm/images/layers-2x.png] (auxiliary name: adminSettings, integrationInit, main)
    asset [1m[32m416d91365b44e4b4f477.png[39m[22m 696 bytes [1m[32m[emitted][39m[22m [1m[32m[immutable][39m[22m [from: node_modules/@conduction/nextcloud-vue/dist/esm/images/layers.png] (auxiliary name: adminSettings, integrationInit, main)
asset [1m[33mdecidiq-main.js[39m[22m [1m[33m17.3 MiB[39m[22m [1m[32m[emitted][39m[22m [1m[32m[minimized][39m[22m [1m[33m[big][39m[22m (name: main) 2 related assets
asset [1m[33mdecidiq-settings.js[39m[22m [1m[33m11.1 MiB[39m[22m [1m[32m[emitted][39m[22m [1m[32m[minimized][39m[22m [1m[33m[big][39m[22m (name: adminSettings) 2 related assets
asset [1m[33mdecidiq-integration-init.js[39m[22m [1m[33m11 MiB[39m[22m [1m[32m[emitted][39m[22m [1m[32m[minimized][39m[22m [1m[33m[big][39m[22m (name: integrationInit) 2 related assets
asset [1m[33mdecidiq-personal.js[39m[22m [1m[33m3.23 MiB[39m[22m [1m[32m[emitted][39m[22m [1m[32m[minimized][39m[22m [1m[33m[big][39m[22m (name: personalSettings) 2 related assets

[1m[33mWARNING[39m[22m in [1m./node_modules/sax/lib/sax.js[39m[22m [1m[32m197:13-37[39m[22m
[1mModule [1m[31mnot found[39m[22m[1m: [1m[31mError[39m[22m[1m: Can't resolve 'stream' in '/home/rubenlinde/fleet-work/fx/decidiq/node_modules/sax/lib'

[1m[31mBREAKING CHANGE[39m[22m[1m: webpack < 5 used to include polyfills for node.js core modules by default.
This is no longer the case. Verify if you need this module and configure a polyfill for it.

If you want to include a polyfill, you need to:
	- add a fallback 'resolve.fallback: { "stream": require.resolve("stream-browserify") }'
	- install 'stream-browserify'
If you don't want to include a polyfill, you can use an empty module like this:
	resolve.fallback: { "stream": false }[39m[22m
 @ ./node_modules/@file-type/xml/lib/index.js 1:0-22 99:22-32
 @ ./node_modules/is-svg/index.js 1:0-47 14:29-44
 @ ./node_modules/@nextcloud/dialogs/node_modules/@nextcloud/files/dist/index.mjs 4:0-27 326:54-59 584:48-53
 @ ./node_modules/@nextcloud/dialogs/dist/chunks/FilePicker.mjs
 @ ./node_modules/@nextcloud/dialogs/dist/chunks/index.mjs
 @ ./node_modules/@nextcloud/dialogs/dist/index.mjs
 @ ./node_modules/vue-loader/dist/index.js??ruleSet[1].rules[4].use[0]!./src/components/tabs/ConsultationReactionsTab.vue?vue&type=script&lang=js 2:0-59 77:4-13 100:4-15 103:4-13 115:4-15 118:4-13
 @ ./src/components/tabs/ConsultationReactionsTab.vue?vue&type=script&lang=js 1:0-158 1:0-158 1:159-306 1:159-306
 @ ./src/components/tabs/ConsultationReactionsTab.vue 2:0-75 8:49-55 3:0-70 3:0-70
 @ ./src/registry.js 31:0-85 185:32-56
 @ ./src/main.js 30:0-36 199:26-34

[1m[33mWARNING[39m[22m in [1masset size limit: The following asset(s) exceed the recommended size limit (244 KiB).
This can impact web performance.
Assets: 
  decidiq-main.js (17.3 MiB)
  decidiq-settings.js (11.1 MiB)
  decidiq-personal.js (3.23 MiB)
  decidiq-integration-init.js (11 MiB)
  decidiq-vendors-node_modules_rehype-highlight_index_js.js?v=1a78b751cc9c2207d2df (306 KiB)
  decidiq-vendors-node_modules_toast-ui_editor_dist_esm_index_js.js?v=a27c0237d3ba558918b4 (540 KiB)
  decidiq-cn-icons-mdi.js?v=66a80169cc6192d936a6 (2.68 MiB)
  decidiq-cn-icons-rvo.js?v=f51533f8837e3704a9a2 (1.82 MiB)[39m[22m

[1m[33mWARNING[39m[22m in [1mentrypoint size limit: The following entrypoint(s) combined asset size exceeds the recommended limit (244 KiB). This can impact web performance.
Entrypoints:
  main (17.3 MiB)
      decidiq-main.js
  adminSettings (11.1 MiB)
      decidiq-settings.js
  personalSettings (3.23 MiB)
      decidiq-personal.js
  integrationInit (11 MiB)
      decidiq-integration-init.js
[39m[22m

1 warning has detailed information that is not shown.
Use 'stats.errorDetails: true' resp. '--stats-error-details' to show it.

webpack 5.109.2 compiled with [1m[33m3 warnings[39m[22m in 115757 ms
